run,param,value,input_data,year_missing
station_all,a_rain,1.821713031,station,none
station_2011,a_rain,1.738578161,station,2011
station_2012,a_rain,1.847928571,station,2012
station_2013,a_rain,1.927877952,station,2013
station_2014,a_rain,1.846372848,station,2014
station_2015,a_rain,1.868312295,station,2015
station_2016,a_rain,1.828619061,station,2016
station_2017,a_rain,1.940106937,station,2017
station_2018,a_rain,1.989499108,station,2018
station_2019,a_rain,1.818948127,station,2019
station_2020,a_rain,1.83073141,station,2020
grid_all,a_rain,1.853389558,grid,none
grid_2011,a_rain,1.97206126,grid,2011
grid_2012,a_rain,1.985509729,grid,2012
grid_2013,a_rain,1.947083649,grid,2013
grid_2014,a_rain,1.942623391,grid,2014
grid_2015,a_rain,1.953086123,grid,2015
grid_2016,a_rain,1.778625029,grid,2016
grid_2017,a_rain,1.942579724,grid,2017
grid_2018,a_rain,1.886461461,grid,2018
grid_2019,a_rain,1.924649867,grid,2019
grid_2020,a_rain,1.985352023,grid,2020
station_all,a_snow,6.977487734,station,none
station_2011,a_snow,2.910414688,station,2011
station_2012,a_snow,5.013059848,station,2012
station_2013,a_snow,2.476516444,station,2013
station_2014,a_snow,3.249102684,station,2014
station_2015,a_snow,7.964086052,station,2015
station_2016,a_snow,4.086899691,station,2016
station_2017,a_snow,7.841883895,station,2017
station_2018,a_snow,4.234859892,station,2018
station_2019,a_snow,3.462636566,station,2019
station_2020,a_snow,7.368274575,station,2020
grid_all,a_snow,5.136063103,grid,none
grid_2011,a_snow,5.094522242,grid,2011
grid_2012,a_snow,0.998695814,grid,2012
grid_2013,a_snow,7.36790917,grid,2013
grid_2014,a_snow,0.913714788,grid,2014
grid_2015,a_snow,0.089341253,grid,2015
grid_2016,a_snow,5.557897067,grid,2016
grid_2017,a_snow,2.147062035,grid,2017
grid_2018,a_snow,5.77517567,grid,2018
grid_2019,a_snow,0.560131446,grid,2019
grid_2020,a_snow,8.57237111,grid,2020
station_all,baseTemp,-1.147193913,station,none
station_2011,baseTemp,-0.905270721,station,2011
station_2012,baseTemp,-1.051322249,station,2012
station_2013,baseTemp,1.865236483,station,2013
station_2014,baseTemp,-0.624564519,station,2014
station_2015,baseTemp,0.156192256,station,2015
station_2016,baseTemp,-0.510816979,station,2016
station_2017,baseTemp,-1.695424689,station,2017
station_2018,baseTemp,-0.617658161,station,2018
station_2019,baseTemp,-1.448988275,station,2019
station_2020,baseTemp,-1.188922609,station,2020
grid_all,baseTemp,2.681503948,grid,none
grid_2011,baseTemp,1.064494897,grid,2011
grid_2012,baseTemp,4.072496676,grid,2012
grid_2013,baseTemp,2.328839012,grid,2013
grid_2014,baseTemp,3.383577334,grid,2014
grid_2015,baseTemp,2.976897949,grid,2015
grid_2016,baseTemp,3.752974559,grid,2016
grid_2017,baseTemp,3.665549874,grid,2017
grid_2018,baseTemp,2.876668718,grid,2018
grid_2019,baseTemp,3.280122024,grid,2019
grid_2020,baseTemp,1.997072309,grid,2020
station_all,BetaW,2.616132527,station,none
station_2011,BetaW,2.119354504,station,2011
station_2012,BetaW,3.300549171,station,2012
station_2013,BetaW,14.72145933,station,2013
station_2014,BetaW,3.638914623,station,2014
station_2015,BetaW,5.145915226,station,2015
station_2016,BetaW,0.567622584,station,2016
station_2017,BetaW,2.456529354,station,2017
station_2018,BetaW,0.26331485,station,2018
station_2019,BetaW,0.830564525,station,2019
station_2020,BetaW,2.482372136,station,2020
grid_all,BetaW,13.83421994,grid,none
grid_2011,BetaW,14.79181765,grid,2011
grid_2012,BetaW,13.9963746,grid,2012
grid_2013,BetaW,2.991043739,grid,2013
grid_2014,BetaW,14.29935702,grid,2014
grid_2015,BetaW,4.626313279,grid,2015
grid_2016,BetaW,9.462764034,grid,2016
grid_2017,BetaW,12.66344291,grid,2017
grid_2018,BetaW,6.531565571,grid,2018
grid_2019,BetaW,14.67639292,grid,2019
grid_2020,BetaW,14.10856788,grid,2020
station_all,ccf_factor,0.029080493,station,none
station_2011,ccf_factor,0.007253342,station,2011
station_2012,ccf_factor,0.021581897,station,2012
station_2013,ccf_factor,0.001212647,station,2013
station_2014,ccf_factor,0.005835,station,2014
station_2015,ccf_factor,0.001871695,station,2015
station_2016,ccf_factor,0.006843552,station,2016
station_2017,ccf_factor,0.021191924,station,2017
station_2018,ccf_factor,0.007056921,station,2018
station_2019,ccf_factor,0.013610294,station,2019
station_2020,ccf_factor,0.018065694,station,2020
grid_all,ccf_factor,0.012588841,grid,none
grid_2011,ccf_factor,0.02181467,grid,2011
grid_2012,ccf_factor,7.09E-04,grid,2012
grid_2013,ccf_factor,0.019298132,grid,2013
grid_2014,ccf_factor,0.006864355,grid,2014
grid_2015,ccf_factor,0.003661795,grid,2015
grid_2016,ccf_factor,0.024010819,grid,2016
grid_2017,ccf_factor,8.51E-04,grid,2017
grid_2018,ccf_factor,0.015209916,grid,2018
grid_2019,ccf_factor,0.002015246,grid,2019
grid_2020,ccf_factor,0.024280931,grid,2020
station_all,flowRouteTA,0.164467833,station,none
station_2011,flowRouteTA,0.193200565,station,2011
station_2012,flowRouteTA,0.192099383,station,2012
station_2013,flowRouteTA,0.108739579,station,2013
station_2014,flowRouteTA,0.200870172,station,2014
station_2015,flowRouteTA,0.231129992,station,2015
station_2016,flowRouteTA,0.18235554,station,2016
station_2017,flowRouteTA,0.153769627,station,2017
station_2018,flowRouteTA,0.207233594,station,2018
station_2019,flowRouteTA,0.185132859,station,2019
station_2020,flowRouteTA,0.209144792,station,2020
grid_all,flowRouteTA,0.192662349,grid,none
grid_2011,flowRouteTA,0.201063215,grid,2011
grid_2012,flowRouteTA,0.104057151,grid,2012
grid_2013,flowRouteTA,0.101221615,grid,2013
grid_2014,flowRouteTA,0.150120925,grid,2014
grid_2015,flowRouteTA,0.459750202,grid,2015
grid_2016,flowRouteTA,1.697694318,grid,2016
grid_2017,flowRouteTA,0.452342456,grid,2017
grid_2018,flowRouteTA,1.695514389,grid,2018
grid_2019,flowRouteTA,0.201762026,grid,2019
grid_2020,flowRouteTA,0.193710153,grid,2020
station_all,g_factor,4.809954571,station,none
station_2011,g_factor,3.907040294,station,2011
station_2012,g_factor,4.534076333,station,2012
station_2013,g_factor,4.024341161,station,2013
station_2014,g_factor,4.413732285,station,2014
station_2015,g_factor,2.173936238,station,2015
station_2016,g_factor,3.457517406,station,2016
station_2017,g_factor,4.024484405,station,2017
station_2018,g_factor,3.964283574,station,2018
station_2019,g_factor,3.922745127,station,2019
station_2020,g_factor,4.12999669,station,2020
grid_all,g_factor,2.82477852,grid,none
grid_2011,g_factor,3.455264449,grid,2011
grid_2012,g_factor,4.255542366,grid,2012
grid_2013,g_factor,4.029637048,grid,2013
grid_2014,g_factor,4.354414545,grid,2014
grid_2015,g_factor,0.83792792,grid,2015
grid_2016,g_factor,3.378538765,grid,2016
grid_2017,g_factor,2.792956675,grid,2017
grid_2018,g_factor,2.709359821,grid,2018
grid_2019,g_factor,2.544559601,grid,2019
grid_2020,g_factor,3.841399071,grid,2020
station_all,geoMaxPerc,0.351565339,station,none
station_2011,geoMaxPerc,0.947006414,station,2011
station_2012,geoMaxPerc,0.09749358,station,2012
station_2013,geoMaxPerc,0.037558606,station,2013
station_2014,geoMaxPerc,0.476519094,station,2014
station_2015,geoMaxPerc,0.59490369,station,2015
station_2016,geoMaxPerc,0.292767083,station,2016
station_2017,geoMaxPerc,0.521318282,station,2017
station_2018,geoMaxPerc,0.461754121,station,2018
station_2019,geoMaxPerc,0.375625939,station,2019
station_2020,geoMaxPerc,0.568505179,station,2020
grid_all,geoMaxPerc,0.977857576,grid,none
grid_2011,geoMaxPerc,0.947146443,grid,2011
grid_2012,geoMaxPerc,0.692088249,grid,2012
grid_2013,geoMaxPerc,0.232628927,grid,2013
grid_2014,geoMaxPerc,0.57658739,grid,2014
grid_2015,geoMaxPerc,0.596328834,grid,2015
grid_2016,geoMaxPerc,0.695726518,grid,2016
grid_2017,geoMaxPerc,0.902282069,grid,2017
grid_2018,geoMaxPerc,0.734985524,grid,2018
grid_2019,geoMaxPerc,0.628928687,grid,2019
grid_2020,geoMaxPerc,0.989002712,grid,2020
station_all,gwCapRise,0.449833195,station,none
station_2011,gwCapRise,0.228466544,station,2011
station_2012,gwCapRise,0.3655245,station,2012
station_2013,gwCapRise,0.317536671,station,2013
station_2014,gwCapRise,0.545577313,station,2014
station_2015,gwCapRise,0.513739212,station,2015
station_2016,gwCapRise,0.369621443,station,2016
station_2017,gwCapRise,0.146678854,station,2017
station_2018,gwCapRise,0.396466475,station,2018
station_2019,gwCapRise,0.540798256,station,2019
station_2020,gwCapRise,0.153879397,station,2020
grid_all,gwCapRise,0.506734834,grid,none
grid_2011,gwCapRise,0.549161676,grid,2011
grid_2012,gwCapRise,0.405600872,grid,2012
grid_2013,gwCapRise,0.351622346,grid,2013
grid_2014,gwCapRise,0.458222041,grid,2014
grid_2015,gwCapRise,0.562219347,grid,2015
grid_2016,gwCapRise,0.343364327,grid,2016
grid_2017,gwCapRise,0.165411298,grid,2017
grid_2018,gwCapRise,0.526303719,grid,2018
grid_2019,gwCapRise,0.29717076,grid,2019
grid_2020,gwCapRise,0.57988977,grid,2020
station_all,gwRG1Fact,3.104596927,station,none
station_2011,gwRG1Fact,9.321153369,station,2011
station_2012,gwRG1Fact,16.13966246,station,2012
station_2013,gwRG1Fact,1.51979232,station,2013
station_2014,gwRG1Fact,1.706917437,station,2014
station_2015,gwRG1Fact,16.0432086,station,2015
station_2016,gwRG1Fact,7.926967248,station,2016
station_2017,gwRG1Fact,12.26536105,station,2017
station_2018,gwRG1Fact,9.289087307,station,2018
station_2019,gwRG1Fact,7.526107742,station,2019
station_2020,gwRG1Fact,7.543264159,station,2020
grid_all,gwRG1Fact,1.004814354,grid,none
grid_2011,gwRG1Fact,1.001621345,grid,2011
grid_2012,gwRG1Fact,1.007928945,grid,2012
grid_2013,gwRG1Fact,16.17727638,grid,2013
grid_2014,gwRG1Fact,1.045941493,grid,2014
grid_2015,gwRG1Fact,1.146059551,grid,2015
grid_2016,gwRG1Fact,1.010260811,grid,2016
grid_2017,gwRG1Fact,1.001781805,grid,2017
grid_2018,gwRG1Fact,1.006988605,grid,2018
grid_2019,gwRG1Fact,1.048332529,grid,2019
grid_2020,gwRG1Fact,1.002721564,grid,2020
station_all,gwRG1RG2dist,0.525486079,station,none
station_2011,gwRG1RG2dist,0.484584881,station,2011
station_2012,gwRG1RG2dist,0.246565118,station,2012
station_2013,gwRG1RG2dist,0.639708527,station,2013
station_2014,gwRG1RG2dist,0.563348431,station,2014
station_2015,gwRG1RG2dist,0.634987222,station,2015
station_2016,gwRG1RG2dist,0.261905158,station,2016
station_2017,gwRG1RG2dist,0.303702687,station,2017
station_2018,gwRG1RG2dist,0.655366166,station,2018
station_2019,gwRG1RG2dist,0.225039024,station,2019
station_2020,gwRG1RG2dist,0.507432512,station,2020
grid_all,gwRG1RG2dist,0.472898704,grid,none
grid_2011,gwRG1RG2dist,0.33979604,grid,2011
grid_2012,gwRG1RG2dist,0.698355062,grid,2012
grid_2013,gwRG1RG2dist,0.875944339,grid,2013
grid_2014,gwRG1RG2dist,0.549286967,grid,2014
grid_2015,gwRG1RG2dist,0.267709655,grid,2015
grid_2016,gwRG1RG2dist,0.40948173,grid,2016
grid_2017,gwRG1RG2dist,0.132868706,grid,2017
grid_2018,gwRG1RG2dist,0.546112727,grid,2018
grid_2019,gwRG1RG2dist,0.20478279,grid,2019
grid_2020,gwRG1RG2dist,0.651114833,grid,2020
station_all,gwRG2Fact,47.74831413,station,none
station_2011,gwRG2Fact,57.61669367,station,2011
station_2012,gwRG2Fact,45.84503014,station,2012
station_2013,gwRG2Fact,9.454063085,station,2013
station_2014,gwRG2Fact,70.82945369,station,2014
station_2015,gwRG2Fact,77.68120177,station,2015
station_2016,gwRG2Fact,49.7254071,station,2016
station_2017,gwRG2Fact,43.98736655,station,2017
station_2018,gwRG2Fact,67.30964306,station,2018
station_2019,gwRG2Fact,41.30619424,station,2019
station_2020,gwRG2Fact,20.33709418,station,2020
grid_all,gwRG2Fact,73.01857357,grid,none
grid_2011,gwRG2Fact,43.09321314,grid,2011
grid_2012,gwRG2Fact,9.777046755,grid,2012
grid_2013,gwRG2Fact,62.60648098,grid,2013
grid_2014,gwRG2Fact,19.88175225,grid,2014
grid_2015,gwRG2Fact,75.01984108,grid,2015
grid_2016,gwRG2Fact,24.25133438,grid,2016
grid_2017,gwRG2Fact,65.32455632,grid,2017
grid_2018,gwRG2Fact,65.58494288,grid,2018
grid_2019,gwRG2Fact,48.57036439,grid,2019
grid_2020,gwRG2Fact,18.08602522,grid,2020
station_all,kdiff_layer,1.644952014,station,none
station_2011,kdiff_layer,6.708273994,station,2011
station_2012,kdiff_layer,1.019605853,station,2012
station_2013,kdiff_layer,31.20107064,station,2013
station_2014,kdiff_layer,36.31215029,station,2014
station_2015,kdiff_layer,1.005549119,station,2015
station_2016,kdiff_layer,1.031277469,station,2016
station_2017,kdiff_layer,3.880835529,station,2017
station_2018,kdiff_layer,1.022135341,station,2018
station_2019,kdiff_layer,1.023568539,station,2019
station_2020,kdiff_layer,1.681788742,station,2020
grid_all,kdiff_layer,30.29447639,grid,none
grid_2011,kdiff_layer,46.3721545,grid,2011
grid_2012,kdiff_layer,45.50709645,grid,2012
grid_2013,kdiff_layer,42.834579,grid,2013
grid_2014,kdiff_layer,44.25606033,grid,2014
grid_2015,kdiff_layer,49.71936374,grid,2015
grid_2016,kdiff_layer,43.61296522,grid,2016
grid_2017,kdiff_layer,49.48485501,grid,2017
grid_2018,kdiff_layer,40.11337001,grid,2018
grid_2019,kdiff_layer,43.47975728,grid,2019
grid_2020,kdiff_layer,36.20585003,grid,2020
station_all,lagInterflow,1.998221347,station,none
station_2011,lagInterflow,1.996463963,station,2011
station_2012,lagInterflow,1.99687694,station,2012
station_2013,lagInterflow,1.831376417,station,2013
station_2014,lagInterflow,1.999386275,station,2014
station_2015,lagInterflow,1.999899226,station,2015
station_2016,lagInterflow,1.999257233,station,2016
station_2017,lagInterflow,1.995550222,station,2017
station_2018,lagInterflow,1.990304678,station,2018
station_2019,lagInterflow,1.99141809,station,2019
station_2020,lagInterflow,1.998348542,station,2020
grid_all,lagInterflow,1.851646618,grid,none
grid_2011,lagInterflow,1.97000131,grid,2011
grid_2012,lagInterflow,1.98823839,grid,2012
grid_2013,lagInterflow,1.990887398,grid,2013
grid_2014,lagInterflow,1.934768005,grid,2014
grid_2015,lagInterflow,1.873321735,grid,2015
grid_2016,lagInterflow,1.832493271,grid,2016
grid_2017,lagInterflow,1.795029638,grid,2017
grid_2018,lagInterflow,1.833093609,grid,2018
grid_2019,lagInterflow,1.855193224,grid,2019
grid_2020,lagInterflow,1.940395026,grid,2020
station_all,lagSurfaceRunoff,1.4651339,station,none
station_2011,lagSurfaceRunoff,1.273216459,station,2011
station_2012,lagSurfaceRunoff,1.395716876,station,2012
station_2013,lagSurfaceRunoff,1.203009684,station,2013
station_2014,lagSurfaceRunoff,1.35121256,station,2014
station_2015,lagSurfaceRunoff,1.316932256,station,2015
station_2016,lagSurfaceRunoff,1.215516637,station,2016
station_2017,lagSurfaceRunoff,1.215448889,station,2017
station_2018,lagSurfaceRunoff,1.444202619,station,2018
station_2019,lagSurfaceRunoff,1.220818051,station,2019
station_2020,lagSurfaceRunoff,1.456317863,station,2020
grid_all,lagSurfaceRunoff,1.313916677,grid,none
grid_2011,lagSurfaceRunoff,1.164841669,grid,2011
grid_2012,lagSurfaceRunoff,1.387726095,grid,2012
grid_2013,lagSurfaceRunoff,1.446130417,grid,2013
grid_2014,lagSurfaceRunoff,1.119274127,grid,2014
grid_2015,lagSurfaceRunoff,1.372025282,grid,2015
grid_2016,lagSurfaceRunoff,1.454867956,grid,2016
grid_2017,lagSurfaceRunoff,1.388822634,grid,2017
grid_2018,lagSurfaceRunoff,1.385127302,grid,2018
grid_2019,lagSurfaceRunoff,1.348508521,grid,2019
grid_2020,lagSurfaceRunoff,1.228958874,grid,2020
station_all,r_factor,0.331989252,station,none
station_2011,r_factor,2.408484107,station,2011
station_2012,r_factor,0.239034626,station,2012
station_2013,r_factor,0.742831052,station,2013
station_2014,r_factor,1.230311325,station,2014
station_2015,r_factor,0.034842972,station,2015
station_2016,r_factor,0.75617324,station,2016
station_2017,r_factor,0.080464648,station,2017
station_2018,r_factor,0.610166809,station,2018
station_2019,r_factor,1.820031067,station,2019
station_2020,r_factor,0.095965984,station,2020
grid_all,r_factor,2.197328984,grid,none
grid_2011,r_factor,4.31673958,grid,2011
grid_2012,r_factor,2.601670673,grid,2012
grid_2013,r_factor,2.276632585,grid,2013
grid_2014,r_factor,2.474835121,grid,2014
grid_2015,r_factor,0.423302909,grid,2015
grid_2016,r_factor,2.363772022,grid,2016
grid_2017,r_factor,0.506010954,grid,2017
grid_2018,r_factor,2.437687315,grid,2018
grid_2019,r_factor,2.622326131,grid,2019
grid_2020,r_factor,1.244769772,grid,2020
station_all,snow_trans,2.206547703,station,none
station_2011,snow_trans,1.292123854,station,2011
station_2012,snow_trans,1.876842781,station,2012
station_2013,snow_trans,2.105229892,station,2013
station_2014,snow_trans,2.071024864,station,2014
station_2015,snow_trans,1.273003013,station,2015
station_2016,snow_trans,0.819737084,station,2016
station_2017,snow_trans,1.784696562,station,2017
station_2018,snow_trans,0.674491159,station,2018
station_2019,snow_trans,1.846108683,station,2019
station_2020,snow_trans,2.153383564,station,2020
grid_all,snow_trans,2.076200364,grid,none
grid_2011,snow_trans,1.620749437,grid,2011
grid_2012,snow_trans,1.805893015,grid,2012
grid_2013,snow_trans,1.62266284,grid,2013
grid_2014,snow_trans,1.591678016,grid,2014
grid_2015,snow_trans,0.057478544,grid,2015
grid_2016,snow_trans,1.382454978,grid,2016
grid_2017,snow_trans,0.614796981,grid,2017
grid_2018,snow_trans,1.217187182,grid,2018
grid_2019,snow_trans,0.860852048,grid,2019
grid_2020,snow_trans,0.67581644,grid,2020
station_all,snow_trs,4.904789727,station,none
station_2011,snow_trs,4.922986565,station,2011
station_2012,snow_trs,4.903641333,station,2012
station_2013,snow_trs,0.080349219,station,2013
station_2014,snow_trs,4.94776677,station,2014
station_2015,snow_trs,4.755163577,station,2015
station_2016,snow_trs,4.836550436,station,2016
station_2017,snow_trs,4.773517779,station,2017
station_2018,snow_trs,4.931999189,station,2018
station_2019,snow_trs,4.848865753,station,2019
station_2020,snow_trs,4.959555504,station,2020
grid_all,snow_trs,3.998076756,grid,none
grid_2011,snow_trs,4.656312334,grid,2011
grid_2012,snow_trs,4.976867607,grid,2012
grid_2013,snow_trs,4.678853904,grid,2013
grid_2014,snow_trs,4.037229778,grid,2014
grid_2015,snow_trs,4.942815917,grid,2015
grid_2016,snow_trs,3.347591269,grid,2016
grid_2017,snow_trs,4.059152689,grid,2017
grid_2018,snow_trs,3.316976171,grid,2018
grid_2019,snow_trs,3.80197707,grid,2019
grid_2020,snow_trs,4.239168134,grid,2020
station_all,snowCritDens,0.557292676,station,none
station_2011,snowCritDens,0.522029775,station,2011
station_2012,snowCritDens,0.689612168,station,2012
station_2013,snowCritDens,0.574541163,station,2013
station_2014,snowCritDens,0.681931041,station,2014
station_2015,snowCritDens,0.515087783,station,2015
station_2016,snowCritDens,0.66705908,station,2016
station_2017,snowCritDens,0.717400611,station,2017
station_2018,snowCritDens,0.723010766,station,2018
station_2019,snowCritDens,0.697693839,station,2019
station_2020,snowCritDens,0.514736003,station,2020
grid_all,snowCritDens,0.474722409,grid,none
grid_2011,snowCritDens,0.584811576,grid,2011
grid_2012,snowCritDens,0.483256505,grid,2012
grid_2013,snowCritDens,0.49038131,grid,2013
grid_2014,snowCritDens,0.72836995,grid,2014
grid_2015,snowCritDens,0.26799137,grid,2015
grid_2016,snowCritDens,0.449143034,grid,2016
grid_2017,snowCritDens,0.491365459,grid,2017
grid_2018,snowCritDens,0.468710338,grid,2018
grid_2019,snowCritDens,0.677882432,grid,2019
grid_2020,snowCritDens,0.450454386,grid,2020
station_all,soilDiffMPSLPS,5.342121036,station,none
station_2011,soilDiffMPSLPS,0.240448311,station,2011
station_2012,soilDiffMPSLPS,5.925468689,station,2012
station_2013,soilDiffMPSLPS,5.682634033,station,2013
station_2014,soilDiffMPSLPS,8.568378945,station,2014
station_2015,soilDiffMPSLPS,7.623707092,station,2015
station_2016,soilDiffMPSLPS,7.010439595,station,2016
station_2017,soilDiffMPSLPS,4.921992692,station,2017
station_2018,soilDiffMPSLPS,7.185967026,station,2018
station_2019,soilDiffMPSLPS,3.923866576,station,2019
station_2020,soilDiffMPSLPS,6.885990564,station,2020
grid_all,soilDiffMPSLPS,6.221004339,grid,none
grid_2011,soilDiffMPSLPS,8.377278438,grid,2011
grid_2012,soilDiffMPSLPS,1.011414583,grid,2012
grid_2013,soilDiffMPSLPS,0.10507025,grid,2013
grid_2014,soilDiffMPSLPS,6.96948019,grid,2014
grid_2015,soilDiffMPSLPS,8.802369079,grid,2015
grid_2016,soilDiffMPSLPS,1.970310026,grid,2016
grid_2017,soilDiffMPSLPS,0.102856221,grid,2017
grid_2018,soilDiffMPSLPS,0.365067951,grid,2018
grid_2019,soilDiffMPSLPS,0.374946607,grid,2019
grid_2020,soilDiffMPSLPS,1.510649689,grid,2020
station_all,soilDistMPSLPS,3.241706745,station,none
station_2011,soilDistMPSLPS,0.410877463,station,2011
station_2012,soilDistMPSLPS,4.79251333,station,2012
station_2013,soilDistMPSLPS,0.039944218,station,2013
station_2014,soilDistMPSLPS,4.069920483,station,2014
station_2015,soilDistMPSLPS,0.86063626,station,2015
station_2016,soilDistMPSLPS,2.476013655,station,2016
station_2017,soilDistMPSLPS,4.001349262,station,2017
station_2018,soilDistMPSLPS,3.141200487,station,2018
station_2019,soilDistMPSLPS,3.119851863,station,2019
station_2020,soilDistMPSLPS,5.677202411,station,2020
grid_all,soilDistMPSLPS,5.750174219,grid,none
grid_2011,soilDistMPSLPS,3.722904217,grid,2011
grid_2012,soilDistMPSLPS,0.140662827,grid,2012
grid_2013,soilDistMPSLPS,1.396387072,grid,2013
grid_2014,soilDistMPSLPS,0.117407811,grid,2014
grid_2015,soilDistMPSLPS,0.064627559,grid,2015
grid_2016,soilDistMPSLPS,0.001547854,grid,2016
grid_2017,soilDistMPSLPS,0.004265214,grid,2017
grid_2018,soilDistMPSLPS,0.001363077,grid,2018
grid_2019,soilDistMPSLPS,0.091402319,grid,2019
grid_2020,soilDistMPSLPS,3.007015867,grid,2020
station_all,soilLatVertLPS,4.817233154,station,none
station_2011,soilLatVertLPS,9.297690715,station,2011
station_2012,soilLatVertLPS,8.632058696,station,2012
station_2013,soilLatVertLPS,1.298442715,station,2013
station_2014,soilLatVertLPS,4.440336562,station,2014
station_2015,soilLatVertLPS,9.190324412,station,2015
station_2016,soilLatVertLPS,9.360849665,station,2016
station_2017,soilLatVertLPS,8.920156936,station,2017
station_2018,soilLatVertLPS,8.249397515,station,2018
station_2019,soilLatVertLPS,4.633357374,station,2019
station_2020,soilLatVertLPS,9.133952511,station,2020
grid_all,soilLatVertLPS,0.62118184,grid,none
grid_2011,soilLatVertLPS,0.680415364,grid,2011
grid_2012,soilLatVertLPS,1.623969913,grid,2012
grid_2013,soilLatVertLPS,9.924835657,grid,2013
grid_2014,soilLatVertLPS,1.007093705,grid,2014
grid_2015,soilLatVertLPS,0.085727261,grid,2015
grid_2016,soilLatVertLPS,0.178955598,grid,2016
grid_2017,soilLatVertLPS,0.296399488,grid,2017
grid_2018,soilLatVertLPS,0.205442969,grid,2018
grid_2019,soilLatVertLPS,0.72566544,grid,2019
grid_2020,soilLatVertLPS,0.64165566,grid,2020
station_all,soilMaxDPS,6.696800812,station,none
station_2011,soilMaxDPS,2.061779837,station,2011
station_2012,soilMaxDPS,3.455885044,station,2012
station_2013,soilMaxDPS,1.680119137,station,2013
station_2014,soilMaxDPS,8.794347608,station,2014
station_2015,soilMaxDPS,5.100325156,station,2015
station_2016,soilMaxDPS,2.654721733,station,2016
station_2017,soilMaxDPS,4.064906576,station,2017
station_2018,soilMaxDPS,7.710396499,station,2018
station_2019,soilMaxDPS,3.41446416,station,2019
station_2020,soilMaxDPS,1.976654182,station,2020
grid_all,soilMaxDPS,1.214519609,grid,none
grid_2011,soilMaxDPS,6.565694349,grid,2011
grid_2012,soilMaxDPS,9.733431732,grid,2012
grid_2013,soilMaxDPS,8.252195257,grid,2013
grid_2014,soilMaxDPS,5.134989412,grid,2014
grid_2015,soilMaxDPS,7.713558377,grid,2015
grid_2016,soilMaxDPS,8.007072175,grid,2016
grid_2017,soilMaxDPS,5.133126991,grid,2017
grid_2018,soilMaxDPS,0.179338405,grid,2018
grid_2019,soilMaxDPS,8.283353387,grid,2019
grid_2020,soilMaxDPS,9.52252525,grid,2020
station_all,soilMaxInfSnow,58.01309429,station,none
station_2011,soilMaxInfSnow,34.15984726,station,2011
station_2012,soilMaxInfSnow,84.90509843,station,2012
station_2013,soilMaxInfSnow,32.78925059,station,2013
station_2014,soilMaxInfSnow,0.644506768,station,2014
station_2015,soilMaxInfSnow,48.90393871,station,2015
station_2016,soilMaxInfSnow,79.78682456,station,2016
station_2017,soilMaxInfSnow,9.054606465,station,2017
station_2018,soilMaxInfSnow,23.0134964,station,2018
station_2019,soilMaxInfSnow,43.57996175,station,2019
station_2020,soilMaxInfSnow,97.9214838,station,2020
grid_all,soilMaxInfSnow,6.294720151,grid,none
grid_2011,soilMaxInfSnow,83.9871304,grid,2011
grid_2012,soilMaxInfSnow,32.31329632,grid,2012
grid_2013,soilMaxInfSnow,56.05523817,grid,2013
grid_2014,soilMaxInfSnow,77.23875534,grid,2014
grid_2015,soilMaxInfSnow,47.87058082,grid,2015
grid_2016,soilMaxInfSnow,58.72141662,grid,2016
grid_2017,soilMaxInfSnow,77.04526286,grid,2017
grid_2018,soilMaxInfSnow,17.58108169,grid,2018
grid_2019,soilMaxInfSnow,76.84215786,grid,2019
grid_2020,soilMaxInfSnow,80.99336012,grid,2020
station_all,soilMaxInfSummer,73.30976735,station,none
station_2011,soilMaxInfSummer,112.5239841,station,2011
station_2012,soilMaxInfSummer,75.61510979,station,2012
station_2013,soilMaxInfSummer,97.21864765,station,2013
station_2014,soilMaxInfSummer,117.888752,station,2014
station_2015,soilMaxInfSummer,82.81909604,station,2015
station_2016,soilMaxInfSummer,29.93893729,station,2016
station_2017,soilMaxInfSummer,134.0147522,station,2017
station_2018,soilMaxInfSummer,104.5863966,station,2018
station_2019,soilMaxInfSummer,44.25767701,station,2019
station_2020,soilMaxInfSummer,65.08611362,station,2020
grid_all,soilMaxInfSummer,134.194912,grid,none
grid_2011,soilMaxInfSummer,147.6104008,grid,2011
grid_2012,soilMaxInfSummer,29.16246904,grid,2012
grid_2013,soilMaxInfSummer,33.26245773,grid,2013
grid_2014,soilMaxInfSummer,61.3493084,grid,2014
grid_2015,soilMaxInfSummer,28.85233206,grid,2015
grid_2016,soilMaxInfSummer,17.19576867,grid,2016
grid_2017,soilMaxInfSummer,26.43167142,grid,2017
grid_2018,soilMaxInfSummer,103.9972489,grid,2018
grid_2019,soilMaxInfSummer,80.93586488,grid,2019
grid_2020,soilMaxInfSummer,106.8899586,grid,2020
station_all,soilMaxInfWinter,63.35108274,station,none
station_2011,soilMaxInfWinter,76.08321537,station,2011
station_2012,soilMaxInfWinter,67.73890878,station,2012
station_2013,soilMaxInfWinter,33.35514054,station,2013
station_2014,soilMaxInfWinter,55.77337163,station,2014
station_2015,soilMaxInfWinter,71.1336775,station,2015
station_2016,soilMaxInfWinter,45.71910219,station,2016
station_2017,soilMaxInfWinter,50.81908898,station,2017
station_2018,soilMaxInfWinter,86.2476121,station,2018
station_2019,soilMaxInfWinter,59.93682377,station,2019
station_2020,soilMaxInfWinter,18.4403093,station,2020
grid_all,soilMaxInfWinter,18.8756797,grid,none
grid_2011,soilMaxInfWinter,15.30486141,grid,2011
grid_2012,soilMaxInfWinter,57.81601176,grid,2012
grid_2013,soilMaxInfWinter,88.49130682,grid,2013
grid_2014,soilMaxInfWinter,73.51213006,grid,2014
grid_2015,soilMaxInfWinter,81.69895531,grid,2015
grid_2016,soilMaxInfWinter,24.05398335,grid,2016
grid_2017,soilMaxInfWinter,30.68339981,grid,2017
grid_2018,soilMaxInfWinter,48.23977068,grid,2018
grid_2019,soilMaxInfWinter,2.858188011,grid,2019
grid_2020,soilMaxInfWinter,87.62313128,grid,2020
station_all,soilOutLPS,5.703064184,station,none
station_2011,soilOutLPS,5.537736582,station,2011
station_2012,soilOutLPS,2.997085203,station,2012
station_2013,soilOutLPS,0.237518263,station,2013
station_2014,soilOutLPS,9.717959064,station,2014
station_2015,soilOutLPS,5.215655287,station,2015
station_2016,soilOutLPS,2.252050305,station,2016
station_2017,soilOutLPS,5.859008027,station,2017
station_2018,soilOutLPS,2.886298577,station,2018
station_2019,soilOutLPS,2.982392102,station,2019
station_2020,soilOutLPS,5.500648984,station,2020
grid_all,soilOutLPS,0.192174476,grid,none
grid_2011,soilOutLPS,0.086536898,grid,2011
grid_2012,soilOutLPS,0.238069847,grid,2012
grid_2013,soilOutLPS,2.146405265,grid,2013
grid_2014,soilOutLPS,0.044257669,grid,2014
grid_2015,soilOutLPS,0.075262846,grid,2015
grid_2016,soilOutLPS,0.09569779,grid,2016
grid_2017,soilOutLPS,0.236013772,grid,2017
grid_2018,soilOutLPS,0.105446068,grid,2018
grid_2019,soilOutLPS,0.016076394,grid,2019
grid_2020,soilOutLPS,0.355038727,grid,2020
station_all,soilPolRed,30.35220418,station,none
station_2011,soilPolRed,16.15229249,station,2011
station_2012,soilPolRed,12.45049004,station,2012
station_2013,soilPolRed,49.94784962,station,2013
station_2014,soilPolRed,11.60314648,station,2014
station_2015,soilPolRed,14.46246939,station,2015
station_2016,soilPolRed,41.95513484,station,2016
station_2017,soilPolRed,29.39728392,station,2017
station_2018,soilPolRed,34.08780217,station,2018
station_2019,soilPolRed,49.86113209,station,2019
station_2020,soilPolRed,12.04392205,station,2020
grid_all,soilPolRed,3.295950199,grid,none
grid_2011,soilPolRed,3.883547348,grid,2011
grid_2012,soilPolRed,7.376004741,grid,2012
grid_2013,soilPolRed,49.7960073,grid,2013
grid_2014,soilPolRed,46.48444936,grid,2014
grid_2015,soilPolRed,11.49859969,grid,2015
grid_2016,soilPolRed,22.21103497,grid,2016
grid_2017,soilPolRed,48.75210181,grid,2017
grid_2018,soilPolRed,14.87907991,grid,2018
grid_2019,soilPolRed,36.36458993,grid,2019
grid_2020,soilPolRed,2.897041203,grid,2020
station_all,t_factor,0.277702078,station,none
station_2011,t_factor,0.089837073,station,2011
station_2012,t_factor,0.123899301,station,2012
station_2013,t_factor,0.131198076,station,2013
station_2014,t_factor,0.04156721,station,2014
station_2015,t_factor,0.051683801,station,2015
station_2016,t_factor,0.111256899,station,2016
station_2017,t_factor,0.257004277,station,2017
station_2018,t_factor,0.001323011,station,2018
station_2019,t_factor,0.150798996,station,2019
station_2020,t_factor,0.119864837,station,2020
grid_all,t_factor,1.683439129,grid,none
grid_2011,t_factor,1.380347594,grid,2011
grid_2012,t_factor,0.957157301,grid,2012
grid_2013,t_factor,1.398958493,grid,2013
grid_2014,t_factor,1.483116079,grid,2014
grid_2015,t_factor,2.148692635,grid,2015
grid_2016,t_factor,2.604048364,grid,2016
grid_2017,t_factor,1.08773395,grid,2017
grid_2018,t_factor,1.624715864,grid,2018
grid_2019,t_factor,1.361459569,grid,2019
grid_2020,t_factor,2.252606059,grid,2020
