"","run","param","value","input_data","year_missing"
"1","station_all","initMPS",0.1,"station","none"
"2","station_all","initLPS",0.05,"station","none"
"3","station_all","FCAdaptation",1,"station","none"
"4","station_all","ACAdaptation",1,"station","none"
"5","station_all","baseTemp",-4.024512288,"station","none"
"6","station_all","t_factor",0.030861237,"station","none"
"7","station_all","r_factor",0.654568793,"station","none"
"8","station_all","g_factor",4.71792468,"station","none"
"9","station_all","snowCritDens",0.736787793,"station","none"
"10","station_all","ccf_factor",0.027011427,"station","none"
"11","station_all","snow_trans",1.303835526,"station","none"
"12","station_all","snow_trs",4.892001568,"station","none"
"13","station_all","piadin",0,"station","none"
"14","station_all","Beta_min",0.002,"station","none"
"15","station_all","Beta_trans",1e-05,"station","none"
"16","station_all","Beta_rsd",0.03,"station","none"
"17","station_all","deposition_factor",0.04,"station","none"
"18","station_all","delayNitrification",0.2,"station","none"
"19","station_all","denitrificationSoilSaturationThreshold",0.6,"station","none"
"20","station_all","denitrificationRateCoefficient",1.4,"station","none"
"21","station_all","nitrificationSurfaceTemperatureThreshold",5,"station","none"
"22","station_all","nitrificationSoilTemperatureThreshold",5,"station","none"
"23","station_all","longTZ",-105,"station","none"
"24","station_all","angstrom_a",0.25,"station","none"
"25","station_all","angstrom_b",0.5,"station","none"
"26","station_all","a_rain",1.941241787,"station","none"
"27","station_all","a_snow",9.868938358,"station","none"
"28","station_all","soilMaxDPS",0.746780679,"station","none"
"29","station_all","soilPolRed",48.97461556,"station","none"
"30","station_all","soilLinRed",0,"station","none"
"31","station_all","soilMaxInfSummer",64.45901539,"station","none"
"32","station_all","soilMaxInfWinter",36.46819877,"station","none"
"33","station_all","soilMaxInfSnow",86.81491481,"station","none"
"34","station_all","soilImpGT80",0.25,"station","none"
"35","station_all","soilImpLT80",0.6,"station","none"
"36","station_all","soilDistMPSLPS",0.242955014,"station","none"
"37","station_all","soilDiffMPSLPS",0.300511225,"station","none"
"38","station_all","soilOutLPS",9.957934372,"station","none"
"39","station_all","soilLatVertLPS",5.81818572,"station","none"
"40","station_all","soilMaxPerc",1,"station","none"
"41","station_all","geoMaxPerc",0.790121587,"station","none"
"42","station_all","kdiff_layer",1.037718853,"station","none"
"43","station_all","BetaW",0.189668659,"station","none"
"44","station_all","lagSurfaceRunoff",1.290887121,"station","none"
"45","station_all","lagInterflow",1.993568609,"station","none"
"46","station_all","initRG1",0.04,"station","none"
"47","station_all","initRG2",0.01,"station","none"
"48","station_all","gwRG1RG2dist",0.700698801,"station","none"
"49","station_all","gwRG1Fact",7.402896407,"station","none"
"50","station_all","gwRG2Fact",54.97971779,"station","none"
"51","station_all","gwCapRise",0.214835969,"station","none"
"52","station_all","N_delay_RG1",5,"station","none"
"53","station_all","N_delay_RG2",5,"station","none"
"54","station_all","N_concRG1",10,"station","none"
"55","station_all","N_concRG2",10,"station","none"
"56","station_all","flowRouteTA",0.100290117,"station","none"
"57","station_all","Ksink",0,"station","none"
"58","station_all","drspac",1000,"station","none"
"59","station_all","drrad",15,"station","none"
"60","station_all","clat",4.2,"station","none"
"61","station_all","LExCoef",-0.65,"station","none"
"62","station_all","rootfactor",1.2,"station","none"
"63","station_all","temp_lag",0.8,"station","none"
"64","station_all","sceno",0,"station","none"
"65","station_all","opti",0,"station","none"
"66","station_2011","initMPS",0.1,"station","2011"
"67","station_2011","initLPS",0.05,"station","2011"
"68","station_2011","FCAdaptation",1,"station","2011"
"69","station_2011","ACAdaptation",1,"station","2011"
"70","station_2011","baseTemp",1.189559066,"station","2011"
"71","station_2011","t_factor",1.528931834,"station","2011"
"72","station_2011","r_factor",1.692959338,"station","2011"
"73","station_2011","g_factor",3.228187268,"station","2011"
"74","station_2011","snowCritDens",0.610613545,"station","2011"
"75","station_2011","ccf_factor",0.043087842,"station","2011"
"76","station_2011","snow_trans",2.13199535,"station","2011"
"77","station_2011","snow_trs",4.928893292,"station","2011"
"78","station_2011","piadin",0,"station","2011"
"79","station_2011","Beta_min",0.002,"station","2011"
"80","station_2011","Beta_trans",1e-05,"station","2011"
"81","station_2011","Beta_rsd",0.03,"station","2011"
"82","station_2011","deposition_factor",0.04,"station","2011"
"83","station_2011","delayNitrification",0.2,"station","2011"
"84","station_2011","denitrificationSoilSaturationThreshold",0.6,"station","2011"
"85","station_2011","denitrificationRateCoefficient",1.4,"station","2011"
"86","station_2011","nitrificationSurfaceTemperatureThreshold",5,"station","2011"
"87","station_2011","nitrificationSoilTemperatureThreshold",5,"station","2011"
"88","station_2011","longTZ",-105,"station","2011"
"89","station_2011","angstrom_a",0.25,"station","2011"
"90","station_2011","angstrom_b",0.5,"station","2011"
"91","station_2011","a_rain",1.819062088,"station","2011"
"92","station_2011","a_snow",9.221583126,"station","2011"
"93","station_2011","soilMaxDPS",9.559892459,"station","2011"
"94","station_2011","soilPolRed",49.79032226,"station","2011"
"95","station_2011","soilLinRed",0,"station","2011"
"96","station_2011","soilMaxInfSummer",106.5390623,"station","2011"
"97","station_2011","soilMaxInfWinter",3.747034744,"station","2011"
"98","station_2011","soilMaxInfSnow",30.35529374,"station","2011"
"99","station_2011","soilImpGT80",0.25,"station","2011"
"100","station_2011","soilImpLT80",0.6,"station","2011"
"101","station_2011","soilDistMPSLPS",6.12479294,"station","2011"
"102","station_2011","soilDiffMPSLPS",5.847105797,"station","2011"
"103","station_2011","soilOutLPS",2.767607901,"station","2011"
"104","station_2011","soilLatVertLPS",2.358807462,"station","2011"
"105","station_2011","soilMaxPerc",1,"station","2011"
"106","station_2011","geoMaxPerc",0.653900284,"station","2011"
"107","station_2011","kdiff_layer",48.13472533,"station","2011"
"108","station_2011","BetaW",14.93457063,"station","2011"
"109","station_2011","lagSurfaceRunoff",1.425428464,"station","2011"
"110","station_2011","lagInterflow",1.907883151,"station","2011"
"111","station_2011","initRG1",0.04,"station","2011"
"112","station_2011","initRG2",0.01,"station","2011"
"113","station_2011","gwRG1RG2dist",0.12275832,"station","2011"
"114","station_2011","gwRG1Fact",1.005410649,"station","2011"
"115","station_2011","gwRG2Fact",28.26440696,"station","2011"
"116","station_2011","gwCapRise",0.440220818,"station","2011"
"117","station_2011","N_delay_RG1",5,"station","2011"
"118","station_2011","N_delay_RG2",5,"station","2011"
"119","station_2011","N_concRG1",10,"station","2011"
"120","station_2011","N_concRG2",10,"station","2011"
"121","station_2011","flowRouteTA",0.100107715,"station","2011"
"122","station_2011","Ksink",0,"station","2011"
"123","station_2011","drspac",1000,"station","2011"
"124","station_2011","drrad",15,"station","2011"
"125","station_2011","clat",4.2,"station","2011"
"126","station_2011","LExCoef",-0.65,"station","2011"
"127","station_2011","rootfactor",1.2,"station","2011"
"128","station_2011","temp_lag",0.8,"station","2011"
"129","station_2011","sceno",0,"station","2011"
"130","station_2011","opti",0,"station","2011"
"131","station_2012","initMPS",0.1,"station","2012"
"132","station_2012","initLPS",0.05,"station","2012"
"133","station_2012","FCAdaptation",1,"station","2012"
"134","station_2012","ACAdaptation",1,"station","2012"
"135","station_2012","baseTemp",-3.371100713,"station","2012"
"136","station_2012","t_factor",0.004332422,"station","2012"
"137","station_2012","r_factor",2.273530076,"station","2012"
"138","station_2012","g_factor",3.70859461,"station","2012"
"139","station_2012","snowCritDens",0.616369349,"station","2012"
"140","station_2012","ccf_factor",0.037366375,"station","2012"
"141","station_2012","snow_trans",1.996920943,"station","2012"
"142","station_2012","snow_trs",4.96154217,"station","2012"
"143","station_2012","piadin",0,"station","2012"
"144","station_2012","Beta_min",0.002,"station","2012"
"145","station_2012","Beta_trans",1e-05,"station","2012"
"146","station_2012","Beta_rsd",0.03,"station","2012"
"147","station_2012","deposition_factor",0.04,"station","2012"
"148","station_2012","delayNitrification",0.2,"station","2012"
"149","station_2012","denitrificationSoilSaturationThreshold",0.6,"station","2012"
"150","station_2012","denitrificationRateCoefficient",1.4,"station","2012"
"151","station_2012","nitrificationSurfaceTemperatureThreshold",5,"station","2012"
"152","station_2012","nitrificationSoilTemperatureThreshold",5,"station","2012"
"153","station_2012","longTZ",-105,"station","2012"
"154","station_2012","angstrom_a",0.25,"station","2012"
"155","station_2012","angstrom_b",0.5,"station","2012"
"156","station_2012","a_rain",1.476019981,"station","2012"
"157","station_2012","a_snow",9.808658666,"station","2012"
"158","station_2012","soilMaxDPS",3.186509898,"station","2012"
"159","station_2012","soilPolRed",49.97841971,"station","2012"
"160","station_2012","soilLinRed",0,"station","2012"
"161","station_2012","soilMaxInfSummer",84.41932745,"station","2012"
"162","station_2012","soilMaxInfWinter",50.18741978,"station","2012"
"163","station_2012","soilMaxInfSnow",44.6919186,"station","2012"
"164","station_2012","soilImpGT80",0.25,"station","2012"
"165","station_2012","soilImpLT80",0.6,"station","2012"
"166","station_2012","soilDistMPSLPS",1.166652167,"station","2012"
"167","station_2012","soilDiffMPSLPS",6.734808343,"station","2012"
"168","station_2012","soilOutLPS",9.956376027,"station","2012"
"169","station_2012","soilLatVertLPS",9.075887298,"station","2012"
"170","station_2012","soilMaxPerc",1,"station","2012"
"171","station_2012","geoMaxPerc",0.420915213,"station","2012"
"172","station_2012","kdiff_layer",1.366874645,"station","2012"
"173","station_2012","BetaW",2.272529271,"station","2012"
"174","station_2012","lagSurfaceRunoff",1.254713261,"station","2012"
"175","station_2012","lagInterflow",1.918060838,"station","2012"
"176","station_2012","initRG1",0.04,"station","2012"
"177","station_2012","initRG2",0.01,"station","2012"
"178","station_2012","gwRG1RG2dist",0.589726253,"station","2012"
"179","station_2012","gwRG1Fact",14.89264095,"station","2012"
"180","station_2012","gwRG2Fact",68.80362218,"station","2012"
"181","station_2012","gwCapRise",0.19098188,"station","2012"
"182","station_2012","N_delay_RG1",5,"station","2012"
"183","station_2012","N_delay_RG2",5,"station","2012"
"184","station_2012","N_concRG1",10,"station","2012"
"185","station_2012","N_concRG2",10,"station","2012"
"186","station_2012","flowRouteTA",0.155548262,"station","2012"
"187","station_2012","Ksink",0,"station","2012"
"188","station_2012","drspac",1000,"station","2012"
"189","station_2012","drrad",15,"station","2012"
"190","station_2012","clat",4.2,"station","2012"
"191","station_2012","LExCoef",-0.65,"station","2012"
"192","station_2012","rootfactor",1.2,"station","2012"
"193","station_2012","temp_lag",0.8,"station","2012"
"194","station_2012","sceno",0,"station","2012"
"195","station_2012","opti",0,"station","2012"
"196","station_2013","initMPS",0.1,"station","2013"
"197","station_2013","initLPS",0.05,"station","2013"
"198","station_2013","FCAdaptation",1,"station","2013"
"199","station_2013","ACAdaptation",1,"station","2013"
"200","station_2013","baseTemp",-3.922893841,"station","2013"
"201","station_2013","t_factor",0.009921003,"station","2013"
"202","station_2013","r_factor",0.809267937,"station","2013"
"203","station_2013","g_factor",3.250270435,"station","2013"
"204","station_2013","snowCritDens",0.372963495,"station","2013"
"205","station_2013","ccf_factor",0.03996406,"station","2013"
"206","station_2013","snow_trans",0.707304939,"station","2013"
"207","station_2013","snow_trs",2.706000778,"station","2013"
"208","station_2013","piadin",0,"station","2013"
"209","station_2013","Beta_min",0.002,"station","2013"
"210","station_2013","Beta_trans",1e-05,"station","2013"
"211","station_2013","Beta_rsd",0.03,"station","2013"
"212","station_2013","deposition_factor",0.04,"station","2013"
"213","station_2013","delayNitrification",0.2,"station","2013"
"214","station_2013","denitrificationSoilSaturationThreshold",0.6,"station","2013"
"215","station_2013","denitrificationRateCoefficient",1.4,"station","2013"
"216","station_2013","nitrificationSurfaceTemperatureThreshold",5,"station","2013"
"217","station_2013","nitrificationSoilTemperatureThreshold",5,"station","2013"
"218","station_2013","longTZ",-105,"station","2013"
"219","station_2013","angstrom_a",0.25,"station","2013"
"220","station_2013","angstrom_b",0.5,"station","2013"
"221","station_2013","a_rain",1.495775468,"station","2013"
"222","station_2013","a_snow",9.301958198,"station","2013"
"223","station_2013","soilMaxDPS",6.256938509,"station","2013"
"224","station_2013","soilPolRed",24.89948498,"station","2013"
"225","station_2013","soilLinRed",0,"station","2013"
"226","station_2013","soilMaxInfSummer",103.9642574,"station","2013"
"227","station_2013","soilMaxInfWinter",75.54540041,"station","2013"
"228","station_2013","soilMaxInfSnow",36.68389218,"station","2013"
"229","station_2013","soilImpGT80",0.25,"station","2013"
"230","station_2013","soilImpLT80",0.6,"station","2013"
"231","station_2013","soilDistMPSLPS",2.0925053,"station","2013"
"232","station_2013","soilDiffMPSLPS",6.136625204,"station","2013"
"233","station_2013","soilOutLPS",1.593636219,"station","2013"
"234","station_2013","soilLatVertLPS",1.694324663,"station","2013"
"235","station_2013","soilMaxPerc",1,"station","2013"
"236","station_2013","geoMaxPerc",0.925834717,"station","2013"
"237","station_2013","kdiff_layer",42.59689185,"station","2013"
"238","station_2013","BetaW",0.103038034,"station","2013"
"239","station_2013","lagSurfaceRunoff",1.488544475,"station","2013"
"240","station_2013","lagInterflow",1.966410103,"station","2013"
"241","station_2013","initRG1",0.04,"station","2013"
"242","station_2013","initRG2",0.01,"station","2013"
"243","station_2013","gwRG1RG2dist",0.229685959,"station","2013"
"244","station_2013","gwRG1Fact",1.089710235,"station","2013"
"245","station_2013","gwRG2Fact",50.27873788,"station","2013"
"246","station_2013","gwCapRise",0.542600979,"station","2013"
"247","station_2013","N_delay_RG1",5,"station","2013"
"248","station_2013","N_delay_RG2",5,"station","2013"
"249","station_2013","N_concRG1",10,"station","2013"
"250","station_2013","N_concRG2",10,"station","2013"
"251","station_2013","flowRouteTA",0.10004751,"station","2013"
"252","station_2013","Ksink",0,"station","2013"
"253","station_2013","drspac",1000,"station","2013"
"254","station_2013","drrad",15,"station","2013"
"255","station_2013","clat",4.2,"station","2013"
"256","station_2013","LExCoef",-0.65,"station","2013"
"257","station_2013","rootfactor",1.2,"station","2013"
"258","station_2013","temp_lag",0.8,"station","2013"
"259","station_2013","sceno",0,"station","2013"
"260","station_2013","opti",0,"station","2013"
"261","station_2014","initMPS",0.1,"station","2014"
"262","station_2014","initLPS",0.05,"station","2014"
"263","station_2014","FCAdaptation",1,"station","2014"
"264","station_2014","ACAdaptation",1,"station","2014"
"265","station_2014","baseTemp",-0.925947396,"station","2014"
"266","station_2014","t_factor",0.454751221,"station","2014"
"267","station_2014","r_factor",0.351128807,"station","2014"
"268","station_2014","g_factor",3.636832282,"station","2014"
"269","station_2014","snowCritDens",0.561632065,"station","2014"
"270","station_2014","ccf_factor",0.016890847,"station","2014"
"271","station_2014","snow_trans",1.820456904,"station","2014"
"272","station_2014","snow_trs",4.844308395,"station","2014"
"273","station_2014","piadin",0,"station","2014"
"274","station_2014","Beta_min",0.002,"station","2014"
"275","station_2014","Beta_trans",1e-05,"station","2014"
"276","station_2014","Beta_rsd",0.03,"station","2014"
"277","station_2014","deposition_factor",0.04,"station","2014"
"278","station_2014","delayNitrification",0.2,"station","2014"
"279","station_2014","denitrificationSoilSaturationThreshold",0.6,"station","2014"
"280","station_2014","denitrificationRateCoefficient",1.4,"station","2014"
"281","station_2014","nitrificationSurfaceTemperatureThreshold",5,"station","2014"
"282","station_2014","nitrificationSoilTemperatureThreshold",5,"station","2014"
"283","station_2014","longTZ",-105,"station","2014"
"284","station_2014","angstrom_a",0.25,"station","2014"
"285","station_2014","angstrom_b",0.5,"station","2014"
"286","station_2014","a_rain",1.967700109,"station","2014"
"287","station_2014","a_snow",7.604996845,"station","2014"
"288","station_2014","soilMaxDPS",9.83392472,"station","2014"
"289","station_2014","soilPolRed",29.68254216,"station","2014"
"290","station_2014","soilLinRed",0,"station","2014"
"291","station_2014","soilMaxInfSummer",79.35913866,"station","2014"
"292","station_2014","soilMaxInfWinter",57.03513709,"station","2014"
"293","station_2014","soilMaxInfSnow",58.05337817,"station","2014"
"294","station_2014","soilImpGT80",0.25,"station","2014"
"295","station_2014","soilImpLT80",0.6,"station","2014"
"296","station_2014","soilDistMPSLPS",2.366679329,"station","2014"
"297","station_2014","soilDiffMPSLPS",7.572104069,"station","2014"
"298","station_2014","soilOutLPS",9.570647481,"station","2014"
"299","station_2014","soilLatVertLPS",4.985501401,"station","2014"
"300","station_2014","soilMaxPerc",1,"station","2014"
"301","station_2014","geoMaxPerc",0.295317151,"station","2014"
"302","station_2014","kdiff_layer",1.007910312,"station","2014"
"303","station_2014","BetaW",0.144336681,"station","2014"
"304","station_2014","lagSurfaceRunoff",1.374345013,"station","2014"
"305","station_2014","lagInterflow",1.995705435,"station","2014"
"306","station_2014","initRG1",0.04,"station","2014"
"307","station_2014","initRG2",0.01,"station","2014"
"308","station_2014","gwRG1RG2dist",0.268326346,"station","2014"
"309","station_2014","gwRG1Fact",6.875852574,"station","2014"
"310","station_2014","gwRG2Fact",19.49026622,"station","2014"
"311","station_2014","gwCapRise",0.303419953,"station","2014"
"312","station_2014","N_delay_RG1",5,"station","2014"
"313","station_2014","N_delay_RG2",5,"station","2014"
"314","station_2014","N_concRG1",10,"station","2014"
"315","station_2014","N_concRG2",10,"station","2014"
"316","station_2014","flowRouteTA",0.100002757,"station","2014"
"317","station_2014","Ksink",0,"station","2014"
"318","station_2014","drspac",1000,"station","2014"
"319","station_2014","drrad",15,"station","2014"
"320","station_2014","clat",4.2,"station","2014"
"321","station_2014","LExCoef",-0.65,"station","2014"
"322","station_2014","rootfactor",1.2,"station","2014"
"323","station_2014","temp_lag",0.8,"station","2014"
"324","station_2014","sceno",0,"station","2014"
"325","station_2014","opti",0,"station","2014"
"326","station_2015","initMPS",0.1,"station","2015"
"327","station_2015","initLPS",0.05,"station","2015"
"328","station_2015","FCAdaptation",1,"station","2015"
"329","station_2015","ACAdaptation",1,"station","2015"
"330","station_2015","baseTemp",2.002999459,"station","2015"
"331","station_2015","t_factor",0.256858661,"station","2015"
"332","station_2015","r_factor",0.242985017,"station","2015"
"333","station_2015","g_factor",4.025350073,"station","2015"
"334","station_2015","snowCritDens",0.667514873,"station","2015"
"335","station_2015","ccf_factor",0.005606147,"station","2015"
"336","station_2015","snow_trans",1.888853542,"station","2015"
"337","station_2015","snow_trs",2.227780882,"station","2015"
"338","station_2015","piadin",0,"station","2015"
"339","station_2015","Beta_min",0.002,"station","2015"
"340","station_2015","Beta_trans",1e-05,"station","2015"
"341","station_2015","Beta_rsd",0.03,"station","2015"
"342","station_2015","deposition_factor",0.04,"station","2015"
"343","station_2015","delayNitrification",0.2,"station","2015"
"344","station_2015","denitrificationSoilSaturationThreshold",0.6,"station","2015"
"345","station_2015","denitrificationRateCoefficient",1.4,"station","2015"
"346","station_2015","nitrificationSurfaceTemperatureThreshold",5,"station","2015"
"347","station_2015","nitrificationSoilTemperatureThreshold",5,"station","2015"
"348","station_2015","longTZ",-105,"station","2015"
"349","station_2015","angstrom_a",0.25,"station","2015"
"350","station_2015","angstrom_b",0.5,"station","2015"
"351","station_2015","a_rain",1.887949958,"station","2015"
"352","station_2015","a_snow",7.213349295,"station","2015"
"353","station_2015","soilMaxDPS",5.252475318,"station","2015"
"354","station_2015","soilPolRed",4.428222042,"station","2015"
"355","station_2015","soilLinRed",0,"station","2015"
"356","station_2015","soilMaxInfSummer",35.99194042,"station","2015"
"357","station_2015","soilMaxInfWinter",45.60315299,"station","2015"
"358","station_2015","soilMaxInfSnow",36.37880648,"station","2015"
"359","station_2015","soilImpGT80",0.25,"station","2015"
"360","station_2015","soilImpLT80",0.6,"station","2015"
"361","station_2015","soilDistMPSLPS",1.067894335,"station","2015"
"362","station_2015","soilDiffMPSLPS",2.33506257,"station","2015"
"363","station_2015","soilOutLPS",0.178405779,"station","2015"
"364","station_2015","soilLatVertLPS",0.703950231,"station","2015"
"365","station_2015","soilMaxPerc",1,"station","2015"
"366","station_2015","geoMaxPerc",0.896178531,"station","2015"
"367","station_2015","kdiff_layer",42.63772089,"station","2015"
"368","station_2015","BetaW",10.2670168,"station","2015"
"369","station_2015","lagSurfaceRunoff",1.226572736,"station","2015"
"370","station_2015","lagInterflow",1.968550127,"station","2015"
"371","station_2015","initRG1",0.04,"station","2015"
"372","station_2015","initRG2",0.01,"station","2015"
"373","station_2015","gwRG1RG2dist",0.850684591,"station","2015"
"374","station_2015","gwRG1Fact",1.00142514,"station","2015"
"375","station_2015","gwRG2Fact",29.38072536,"station","2015"
"376","station_2015","gwCapRise",0.570899349,"station","2015"
"377","station_2015","N_delay_RG1",5,"station","2015"
"378","station_2015","N_delay_RG2",5,"station","2015"
"379","station_2015","N_concRG1",10,"station","2015"
"380","station_2015","N_concRG2",10,"station","2015"
"381","station_2015","flowRouteTA",0.144788525,"station","2015"
"382","station_2015","Ksink",0,"station","2015"
"383","station_2015","drspac",1000,"station","2015"
"384","station_2015","drrad",15,"station","2015"
"385","station_2015","clat",4.2,"station","2015"
"386","station_2015","LExCoef",-0.65,"station","2015"
"387","station_2015","rootfactor",1.2,"station","2015"
"388","station_2015","temp_lag",0.8,"station","2015"
"389","station_2015","sceno",0,"station","2015"
"390","station_2015","opti",0,"station","2015"
"391","station_2016","initMPS",0.1,"station","2016"
"392","station_2016","initLPS",0.05,"station","2016"
"393","station_2016","FCAdaptation",1,"station","2016"
"394","station_2016","ACAdaptation",1,"station","2016"
"395","station_2016","baseTemp",1.263167355,"station","2016"
"396","station_2016","t_factor",3.231738178,"station","2016"
"397","station_2016","r_factor",0.865154498,"station","2016"
"398","station_2016","g_factor",2.319804957,"station","2016"
"399","station_2016","snowCritDens",0.68466258,"station","2016"
"400","station_2016","ccf_factor",0.031187624,"station","2016"
"401","station_2016","snow_trans",0.563700581,"station","2016"
"402","station_2016","snow_trs",4.877335051,"station","2016"
"403","station_2016","piadin",0,"station","2016"
"404","station_2016","Beta_min",0.002,"station","2016"
"405","station_2016","Beta_trans",1e-05,"station","2016"
"406","station_2016","Beta_rsd",0.03,"station","2016"
"407","station_2016","deposition_factor",0.04,"station","2016"
"408","station_2016","delayNitrification",0.2,"station","2016"
"409","station_2016","denitrificationSoilSaturationThreshold",0.6,"station","2016"
"410","station_2016","denitrificationRateCoefficient",1.4,"station","2016"
"411","station_2016","nitrificationSurfaceTemperatureThreshold",5,"station","2016"
"412","station_2016","nitrificationSoilTemperatureThreshold",5,"station","2016"
"413","station_2016","longTZ",-105,"station","2016"
"414","station_2016","angstrom_a",0.25,"station","2016"
"415","station_2016","angstrom_b",0.5,"station","2016"
"416","station_2016","a_rain",1.916113389,"station","2016"
"417","station_2016","a_snow",7.061175774,"station","2016"
"418","station_2016","soilMaxDPS",5.028873111,"station","2016"
"419","station_2016","soilPolRed",42.22421184,"station","2016"
"420","station_2016","soilLinRed",0,"station","2016"
"421","station_2016","soilMaxInfSummer",62.18561679,"station","2016"
"422","station_2016","soilMaxInfWinter",85.72245175,"station","2016"
"423","station_2016","soilMaxInfSnow",68.61990285,"station","2016"
"424","station_2016","soilImpGT80",0.25,"station","2016"
"425","station_2016","soilImpLT80",0.6,"station","2016"
"426","station_2016","soilDistMPSLPS",0.011880942,"station","2016"
"427","station_2016","soilDiffMPSLPS",0.859097664,"station","2016"
"428","station_2016","soilOutLPS",1.125890688,"station","2016"
"429","station_2016","soilLatVertLPS",0.91867547,"station","2016"
"430","station_2016","soilMaxPerc",1,"station","2016"
"431","station_2016","geoMaxPerc",0.160434683,"station","2016"
"432","station_2016","kdiff_layer",46.17586603,"station","2016"
"433","station_2016","BetaW",14.96778927,"station","2016"
"434","station_2016","lagSurfaceRunoff",1.032450761,"station","2016"
"435","station_2016","lagInterflow",1.279438912,"station","2016"
"436","station_2016","initRG1",0.04,"station","2016"
"437","station_2016","initRG2",0.01,"station","2016"
"438","station_2016","gwRG1RG2dist",0.673315131,"station","2016"
"439","station_2016","gwRG1Fact",1.186152616,"station","2016"
"440","station_2016","gwRG2Fact",61.91055793,"station","2016"
"441","station_2016","gwCapRise",0.465670776,"station","2016"
"442","station_2016","N_delay_RG1",5,"station","2016"
"443","station_2016","N_delay_RG2",5,"station","2016"
"444","station_2016","N_concRG1",10,"station","2016"
"445","station_2016","N_concRG2",10,"station","2016"
"446","station_2016","flowRouteTA",0.107016794,"station","2016"
"447","station_2016","Ksink",0,"station","2016"
"448","station_2016","drspac",1000,"station","2016"
"449","station_2016","drrad",15,"station","2016"
"450","station_2016","clat",4.2,"station","2016"
"451","station_2016","LExCoef",-0.65,"station","2016"
"452","station_2016","rootfactor",1.2,"station","2016"
"453","station_2016","temp_lag",0.8,"station","2016"
"454","station_2016","sceno",0,"station","2016"
"455","station_2016","opti",0,"station","2016"
"456","station_2017","initMPS",0.1,"station","2017"
"457","station_2017","initLPS",0.05,"station","2017"
"458","station_2017","FCAdaptation",1,"station","2017"
"459","station_2017","ACAdaptation",1,"station","2017"
"460","station_2017","baseTemp",1.751517961,"station","2017"
"461","station_2017","t_factor",1.211699706,"station","2017"
"462","station_2017","r_factor",0.525112598,"station","2017"
"463","station_2017","g_factor",3.1911013,"station","2017"
"464","station_2017","snowCritDens",0.691027672,"station","2017"
"465","station_2017","ccf_factor",0.024583521,"station","2017"
"466","station_2017","snow_trans",1.553265159,"station","2017"
"467","station_2017","snow_trs",4.859798354,"station","2017"
"468","station_2017","piadin",0,"station","2017"
"469","station_2017","Beta_min",0.002,"station","2017"
"470","station_2017","Beta_trans",1e-05,"station","2017"
"471","station_2017","Beta_rsd",0.03,"station","2017"
"472","station_2017","deposition_factor",0.04,"station","2017"
"473","station_2017","delayNitrification",0.2,"station","2017"
"474","station_2017","denitrificationSoilSaturationThreshold",0.6,"station","2017"
"475","station_2017","denitrificationRateCoefficient",1.4,"station","2017"
"476","station_2017","nitrificationSurfaceTemperatureThreshold",5,"station","2017"
"477","station_2017","nitrificationSoilTemperatureThreshold",5,"station","2017"
"478","station_2017","longTZ",-105,"station","2017"
"479","station_2017","angstrom_a",0.25,"station","2017"
"480","station_2017","angstrom_b",0.5,"station","2017"
"481","station_2017","a_rain",1.847235604,"station","2017"
"482","station_2017","a_snow",8.340470428,"station","2017"
"483","station_2017","soilMaxDPS",4.461837714,"station","2017"
"484","station_2017","soilPolRed",13.03845556,"station","2017"
"485","station_2017","soilLinRed",0,"station","2017"
"486","station_2017","soilMaxInfSummer",67.94795806,"station","2017"
"487","station_2017","soilMaxInfWinter",19.03961099,"station","2017"
"488","station_2017","soilMaxInfSnow",31.5626324,"station","2017"
"489","station_2017","soilImpGT80",0.25,"station","2017"
"490","station_2017","soilImpLT80",0.6,"station","2017"
"491","station_2017","soilDistMPSLPS",3.719906576,"station","2017"
"492","station_2017","soilDiffMPSLPS",8.313889599,"station","2017"
"493","station_2017","soilOutLPS",9.759578111,"station","2017"
"494","station_2017","soilLatVertLPS",4.123392151,"station","2017"
"495","station_2017","soilMaxPerc",1,"station","2017"
"496","station_2017","geoMaxPerc",0.656612927,"station","2017"
"497","station_2017","kdiff_layer",1.587848173,"station","2017"
"498","station_2017","BetaW",0.116137466,"station","2017"
"499","station_2017","lagSurfaceRunoff",1.309804819,"station","2017"
"500","station_2017","lagInterflow",1.993786597,"station","2017"
"501","station_2017","initRG1",0.04,"station","2017"
"502","station_2017","initRG2",0.01,"station","2017"
"503","station_2017","gwRG1RG2dist",0.253761933,"station","2017"
"504","station_2017","gwRG1Fact",4.006446588,"station","2017"
"505","station_2017","gwRG2Fact",57.84620937,"station","2017"
"506","station_2017","gwCapRise",0.405550509,"station","2017"
"507","station_2017","N_delay_RG1",5,"station","2017"
"508","station_2017","N_delay_RG2",5,"station","2017"
"509","station_2017","N_concRG1",10,"station","2017"
"510","station_2017","N_concRG2",10,"station","2017"
"511","station_2017","flowRouteTA",0.100381354,"station","2017"
"512","station_2017","Ksink",0,"station","2017"
"513","station_2017","drspac",1000,"station","2017"
"514","station_2017","drrad",15,"station","2017"
"515","station_2017","clat",4.2,"station","2017"
"516","station_2017","LExCoef",-0.65,"station","2017"
"517","station_2017","rootfactor",1.2,"station","2017"
"518","station_2017","temp_lag",0.8,"station","2017"
"519","station_2017","sceno",0,"station","2017"
"520","station_2017","opti",0,"station","2017"
"521","station_2018","initMPS",0.1,"station","2018"
"522","station_2018","initLPS",0.05,"station","2018"
"523","station_2018","FCAdaptation",1,"station","2018"
"524","station_2018","ACAdaptation",1,"station","2018"
"525","station_2018","baseTemp",0.972737588,"station","2018"
"526","station_2018","t_factor",1.712026397,"station","2018"
"527","station_2018","r_factor",2.851987905,"station","2018"
"528","station_2018","g_factor",4.258512246,"station","2018"
"529","station_2018","snowCritDens",0.551825477,"station","2018"
"530","station_2018","ccf_factor",0.015842703,"station","2018"
"531","station_2018","snow_trans",0.763065774,"station","2018"
"532","station_2018","snow_trs",4.939907585,"station","2018"
"533","station_2018","piadin",0,"station","2018"
"534","station_2018","Beta_min",0.002,"station","2018"
"535","station_2018","Beta_trans",1e-05,"station","2018"
"536","station_2018","Beta_rsd",0.03,"station","2018"
"537","station_2018","deposition_factor",0.04,"station","2018"
"538","station_2018","delayNitrification",0.2,"station","2018"
"539","station_2018","denitrificationSoilSaturationThreshold",0.6,"station","2018"
"540","station_2018","denitrificationRateCoefficient",1.4,"station","2018"
"541","station_2018","nitrificationSurfaceTemperatureThreshold",5,"station","2018"
"542","station_2018","nitrificationSoilTemperatureThreshold",5,"station","2018"
"543","station_2018","longTZ",-105,"station","2018"
"544","station_2018","angstrom_a",0.25,"station","2018"
"545","station_2018","angstrom_b",0.5,"station","2018"
"546","station_2018","a_rain",1.772593528,"station","2018"
"547","station_2018","a_snow",3.111575166,"station","2018"
"548","station_2018","soilMaxDPS",5.632479079,"station","2018"
"549","station_2018","soilPolRed",7.250494106,"station","2018"
"550","station_2018","soilLinRed",0,"station","2018"
"551","station_2018","soilMaxInfSummer",74.11624401,"station","2018"
"552","station_2018","soilMaxInfWinter",17.26038385,"station","2018"
"553","station_2018","soilMaxInfSnow",38.62297174,"station","2018"
"554","station_2018","soilImpGT80",0.25,"station","2018"
"555","station_2018","soilImpLT80",0.6,"station","2018"
"556","station_2018","soilDistMPSLPS",0.012494427,"station","2018"
"557","station_2018","soilDiffMPSLPS",0.893371342,"station","2018"
"558","station_2018","soilOutLPS",1.244181394,"station","2018"
"559","station_2018","soilLatVertLPS",0.364222536,"station","2018"
"560","station_2018","soilMaxPerc",1,"station","2018"
"561","station_2018","geoMaxPerc",0.072250302,"station","2018"
"562","station_2018","kdiff_layer",41.50225953,"station","2018"
"563","station_2018","BetaW",14.61281137,"station","2018"
"564","station_2018","lagSurfaceRunoff",1.229731087,"station","2018"
"565","station_2018","lagInterflow",1.217482642,"station","2018"
"566","station_2018","initRG1",0.04,"station","2018"
"567","station_2018","initRG2",0.01,"station","2018"
"568","station_2018","gwRG1RG2dist",0.701861182,"station","2018"
"569","station_2018","gwRG1Fact",1.155615871,"station","2018"
"570","station_2018","gwRG2Fact",22.61293809,"station","2018"
"571","station_2018","gwCapRise",0.226507223,"station","2018"
"572","station_2018","N_delay_RG1",5,"station","2018"
"573","station_2018","N_delay_RG2",5,"station","2018"
"574","station_2018","N_concRG1",10,"station","2018"
"575","station_2018","N_concRG2",10,"station","2018"
"576","station_2018","flowRouteTA",0.223866358,"station","2018"
"577","station_2018","Ksink",0,"station","2018"
"578","station_2018","drspac",1000,"station","2018"
"579","station_2018","drrad",15,"station","2018"
"580","station_2018","clat",4.2,"station","2018"
"581","station_2018","LExCoef",-0.65,"station","2018"
"582","station_2018","rootfactor",1.2,"station","2018"
"583","station_2018","temp_lag",0.8,"station","2018"
"584","station_2018","sceno",0,"station","2018"
"585","station_2018","opti",0,"station","2018"
"586","station_2019","initMPS",0.1,"station","2019"
"587","station_2019","initLPS",0.05,"station","2019"
"588","station_2019","FCAdaptation",1,"station","2019"
"589","station_2019","ACAdaptation",1,"station","2019"
"590","station_2019","baseTemp",1.683188772,"station","2019"
"591","station_2019","t_factor",2.096338011,"station","2019"
"592","station_2019","r_factor",2.079832931,"station","2019"
"593","station_2019","g_factor",3.766731665,"station","2019"
"594","station_2019","snowCritDens",0.556853533,"station","2019"
"595","station_2019","ccf_factor",0.015501824,"station","2019"
"596","station_2019","snow_trans",0.521393328,"station","2019"
"597","station_2019","snow_trs",4.889959587,"station","2019"
"598","station_2019","piadin",0,"station","2019"
"599","station_2019","Beta_min",0.002,"station","2019"
"600","station_2019","Beta_trans",1e-05,"station","2019"
"601","station_2019","Beta_rsd",0.03,"station","2019"
"602","station_2019","deposition_factor",0.04,"station","2019"
"603","station_2019","delayNitrification",0.2,"station","2019"
"604","station_2019","denitrificationSoilSaturationThreshold",0.6,"station","2019"
"605","station_2019","denitrificationRateCoefficient",1.4,"station","2019"
"606","station_2019","nitrificationSurfaceTemperatureThreshold",5,"station","2019"
"607","station_2019","nitrificationSoilTemperatureThreshold",5,"station","2019"
"608","station_2019","longTZ",-105,"station","2019"
"609","station_2019","angstrom_a",0.25,"station","2019"
"610","station_2019","angstrom_b",0.5,"station","2019"
"611","station_2019","a_rain",1.684227573,"station","2019"
"612","station_2019","a_snow",3.135890606,"station","2019"
"613","station_2019","soilMaxDPS",6.521657012,"station","2019"
"614","station_2019","soilPolRed",30.6081204,"station","2019"
"615","station_2019","soilLinRed",0,"station","2019"
"616","station_2019","soilMaxInfSummer",42.57394266,"station","2019"
"617","station_2019","soilMaxInfWinter",84.00205121,"station","2019"
"618","station_2019","soilMaxInfSnow",25.53568305,"station","2019"
"619","station_2019","soilImpGT80",0.25,"station","2019"
"620","station_2019","soilImpLT80",0.6,"station","2019"
"621","station_2019","soilDistMPSLPS",0.01938755,"station","2019"
"622","station_2019","soilDiffMPSLPS",4.347084632,"station","2019"
"623","station_2019","soilOutLPS",1.171014361,"station","2019"
"624","station_2019","soilLatVertLPS",0.537300585,"station","2019"
"625","station_2019","soilMaxPerc",1,"station","2019"
"626","station_2019","geoMaxPerc",0.068704767,"station","2019"
"627","station_2019","kdiff_layer",41.3298875,"station","2019"
"628","station_2019","BetaW",14.73896825,"station","2019"
"629","station_2019","lagSurfaceRunoff",1.199582007,"station","2019"
"630","station_2019","lagInterflow",1.003180932,"station","2019"
"631","station_2019","initRG1",0.04,"station","2019"
"632","station_2019","initRG2",0.01,"station","2019"
"633","station_2019","gwRG1RG2dist",0.838461752,"station","2019"
"634","station_2019","gwRG1Fact",1.353555445,"station","2019"
"635","station_2019","gwRG2Fact",34.20524111,"station","2019"
"636","station_2019","gwCapRise",0.499605521,"station","2019"
"637","station_2019","N_delay_RG1",5,"station","2019"
"638","station_2019","N_delay_RG2",5,"station","2019"
"639","station_2019","N_concRG1",10,"station","2019"
"640","station_2019","N_concRG2",10,"station","2019"
"641","station_2019","flowRouteTA",0.118845531,"station","2019"
"642","station_2019","Ksink",0,"station","2019"
"643","station_2019","drspac",1000,"station","2019"
"644","station_2019","drrad",15,"station","2019"
"645","station_2019","clat",4.2,"station","2019"
"646","station_2019","LExCoef",-0.65,"station","2019"
"647","station_2019","rootfactor",1.2,"station","2019"
"648","station_2019","temp_lag",0.8,"station","2019"
"649","station_2019","sceno",0,"station","2019"
"650","station_2019","opti",0,"station","2019"
"651","station_2020","initMPS",0.1,"station","2020"
"652","station_2020","initLPS",0.05,"station","2020"
"653","station_2020","FCAdaptation",1,"station","2020"
"654","station_2020","ACAdaptation",1,"station","2020"
"655","station_2020","baseTemp",1.625275607,"station","2020"
"656","station_2020","t_factor",1.948402025,"station","2020"
"657","station_2020","r_factor",1.262160437,"station","2020"
"658","station_2020","g_factor",3.436431403,"station","2020"
"659","station_2020","snowCritDens",0.644026925,"station","2020"
"660","station_2020","ccf_factor",0.042500947,"station","2020"
"661","station_2020","snow_trans",1.537688702,"station","2020"
"662","station_2020","snow_trs",4.69039631,"station","2020"
"663","station_2020","piadin",0,"station","2020"
"664","station_2020","Beta_min",0.002,"station","2020"
"665","station_2020","Beta_trans",1e-05,"station","2020"
"666","station_2020","Beta_rsd",0.03,"station","2020"
"667","station_2020","deposition_factor",0.04,"station","2020"
"668","station_2020","delayNitrification",0.2,"station","2020"
"669","station_2020","denitrificationSoilSaturationThreshold",0.6,"station","2020"
"670","station_2020","denitrificationRateCoefficient",1.4,"station","2020"
"671","station_2020","nitrificationSurfaceTemperatureThreshold",5,"station","2020"
"672","station_2020","nitrificationSoilTemperatureThreshold",5,"station","2020"
"673","station_2020","longTZ",-105,"station","2020"
"674","station_2020","angstrom_a",0.25,"station","2020"
"675","station_2020","angstrom_b",0.5,"station","2020"
"676","station_2020","a_rain",1.690924898,"station","2020"
"677","station_2020","a_snow",6.985648307,"station","2020"
"678","station_2020","soilMaxDPS",7.786880556,"station","2020"
"679","station_2020","soilPolRed",21.8240844,"station","2020"
"680","station_2020","soilLinRed",0,"station","2020"
"681","station_2020","soilMaxInfSummer",100.5896115,"station","2020"
"682","station_2020","soilMaxInfWinter",91.94605143,"station","2020"
"683","station_2020","soilMaxInfSnow",55.6823747,"station","2020"
"684","station_2020","soilImpGT80",0.25,"station","2020"
"685","station_2020","soilImpLT80",0.6,"station","2020"
"686","station_2020","soilDistMPSLPS",0.007855613,"station","2020"
"687","station_2020","soilDiffMPSLPS",4.087611992,"station","2020"
"688","station_2020","soilOutLPS",3.008830786,"station","2020"
"689","station_2020","soilLatVertLPS",3.00933648,"station","2020"
"690","station_2020","soilMaxPerc",1,"station","2020"
"691","station_2020","geoMaxPerc",0.315218818,"station","2020"
"692","station_2020","kdiff_layer",1.011926987,"station","2020"
"693","station_2020","BetaW",0.159867283,"station","2020"
"694","station_2020","lagSurfaceRunoff",1.416344286,"station","2020"
"695","station_2020","lagInterflow",1.98428331,"station","2020"
"696","station_2020","initRG1",0.04,"station","2020"
"697","station_2020","initRG2",0.01,"station","2020"
"698","station_2020","gwRG1RG2dist",0.726162351,"station","2020"
"699","station_2020","gwRG1Fact",1.902519736,"station","2020"
"700","station_2020","gwRG2Fact",13.61442647,"station","2020"
"701","station_2020","gwCapRise",0.595104466,"station","2020"
"702","station_2020","N_delay_RG1",5,"station","2020"
"703","station_2020","N_delay_RG2",5,"station","2020"
"704","station_2020","N_concRG1",10,"station","2020"
"705","station_2020","N_concRG2",10,"station","2020"
"706","station_2020","flowRouteTA",0.100318653,"station","2020"
"707","station_2020","Ksink",0,"station","2020"
"708","station_2020","drspac",1000,"station","2020"
"709","station_2020","drrad",15,"station","2020"
"710","station_2020","clat",4.2,"station","2020"
"711","station_2020","LExCoef",-0.65,"station","2020"
"712","station_2020","rootfactor",1.2,"station","2020"
"713","station_2020","temp_lag",0.8,"station","2020"
"714","station_2020","sceno",0,"station","2020"
"715","station_2020","opti",0,"station","2020"
"716","grid_all","initMPS",0.1,"grid","none"
"717","grid_all","initLPS",0.05,"grid","none"
"718","grid_all","FCAdaptation",1,"grid","none"
"719","grid_all","ACAdaptation",1,"grid","none"
"720","grid_all","baseTemp",2.68896068,"grid","none"
"721","grid_all","t_factor",2.038438555,"grid","none"
"722","grid_all","r_factor",3.01013705,"grid","none"
"723","grid_all","g_factor",1.768513064,"grid","none"
"724","grid_all","snowCritDens",0.379555368,"grid","none"
"725","grid_all","ccf_factor",0.039512026,"grid","none"
"726","grid_all","snow_trans",1.174852619,"grid","none"
"727","grid_all","snow_trs",-1.591714656,"grid","none"
"728","grid_all","piadin",0,"grid","none"
"729","grid_all","Beta_min",0.002,"grid","none"
"730","grid_all","Beta_trans",1e-05,"grid","none"
"731","grid_all","Beta_rsd",0.03,"grid","none"
"732","grid_all","deposition_factor",0.04,"grid","none"
"733","grid_all","delayNitrification",0.2,"grid","none"
"734","grid_all","denitrificationSoilSaturationThreshold",0.6,"grid","none"
"735","grid_all","denitrificationRateCoefficient",1.4,"grid","none"
"736","grid_all","nitrificationSurfaceTemperatureThreshold",5,"grid","none"
"737","grid_all","nitrificationSoilTemperatureThreshold",5,"grid","none"
"738","grid_all","longTZ",-105,"grid","none"
"739","grid_all","angstrom_a",0.25,"grid","none"
"740","grid_all","angstrom_b",0.5,"grid","none"
"741","grid_all","a_rain",1.212066704,"grid","none"
"742","grid_all","a_snow",1.980692745,"grid","none"
"743","grid_all","soilMaxDPS",3.717658497,"grid","none"
"744","grid_all","soilPolRed",3.052361272,"grid","none"
"745","grid_all","soilLinRed",0,"grid","none"
"746","grid_all","soilMaxInfSummer",24.77867636,"grid","none"
"747","grid_all","soilMaxInfWinter",73.53143466,"grid","none"
"748","grid_all","soilMaxInfSnow",70.6772071,"grid","none"
"749","grid_all","soilImpGT80",0.25,"grid","none"
"750","grid_all","soilImpLT80",0.6,"grid","none"
"751","grid_all","soilDistMPSLPS",1.777570696,"grid","none"
"752","grid_all","soilDiffMPSLPS",0.213741694,"grid","none"
"753","grid_all","soilOutLPS",0.379356104,"grid","none"
"754","grid_all","soilLatVertLPS",0.620123331,"grid","none"
"755","grid_all","soilMaxPerc",1,"grid","none"
"756","grid_all","geoMaxPerc",0.748799848,"grid","none"
"757","grid_all","kdiff_layer",43.92790948,"grid","none"
"758","grid_all","BetaW",7.527975966,"grid","none"
"759","grid_all","lagSurfaceRunoff",1.440859786,"grid","none"
"760","grid_all","lagInterflow",1.993504273,"grid","none"
"761","grid_all","initRG1",0.04,"grid","none"
"762","grid_all","initRG2",0.01,"grid","none"
"763","grid_all","gwRG1RG2dist",0.339361013,"grid","none"
"764","grid_all","gwRG1Fact",1.041300546,"grid","none"
"765","grid_all","gwRG2Fact",70.57019162,"grid","none"
"766","grid_all","gwCapRise",0.483330325,"grid","none"
"767","grid_all","N_delay_RG1",5,"grid","none"
"768","grid_all","N_delay_RG2",5,"grid","none"
"769","grid_all","N_concRG1",10,"grid","none"
"770","grid_all","N_concRG2",10,"grid","none"
"771","grid_all","flowRouteTA",0.114382252,"grid","none"
"772","grid_all","Ksink",0,"grid","none"
"773","grid_all","drspac",1000,"grid","none"
"774","grid_all","drrad",15,"grid","none"
"775","grid_all","clat",4.2,"grid","none"
"776","grid_all","LExCoef",-0.65,"grid","none"
"777","grid_all","rootfactor",1.2,"grid","none"
"778","grid_all","temp_lag",0.8,"grid","none"
"779","grid_all","sceno",0,"grid","none"
"780","grid_all","opti",0,"grid","none"
"781","grid_2011","initMPS",0.1,"grid","2011"
"782","grid_2011","initLPS",0.05,"grid","2011"
"783","grid_2011","FCAdaptation",1,"grid","2011"
"784","grid_2011","ACAdaptation",1,"grid","2011"
"785","grid_2011","baseTemp",-1.841533804,"grid","2011"
"786","grid_2011","t_factor",1.005668848,"grid","2011"
"787","grid_2011","r_factor",4.669540486,"grid","2011"
"788","grid_2011","g_factor",1.287150638,"grid","2011"
"789","grid_2011","snowCritDens",0.458578479,"grid","2011"
"790","grid_2011","ccf_factor",0.045660461,"grid","2011"
"791","grid_2011","snow_trans",1.914776945,"grid","2011"
"792","grid_2011","snow_trs",0.340311618,"grid","2011"
"793","grid_2011","piadin",0,"grid","2011"
"794","grid_2011","Beta_min",0.002,"grid","2011"
"795","grid_2011","Beta_trans",1e-05,"grid","2011"
"796","grid_2011","Beta_rsd",0.03,"grid","2011"
"797","grid_2011","deposition_factor",0.04,"grid","2011"
"798","grid_2011","delayNitrification",0.2,"grid","2011"
"799","grid_2011","denitrificationSoilSaturationThreshold",0.6,"grid","2011"
"800","grid_2011","denitrificationRateCoefficient",1.4,"grid","2011"
"801","grid_2011","nitrificationSurfaceTemperatureThreshold",5,"grid","2011"
"802","grid_2011","nitrificationSoilTemperatureThreshold",5,"grid","2011"
"803","grid_2011","longTZ",-105,"grid","2011"
"804","grid_2011","angstrom_a",0.25,"grid","2011"
"805","grid_2011","angstrom_b",0.5,"grid","2011"
"806","grid_2011","a_rain",1.768304993,"grid","2011"
"807","grid_2011","a_snow",9.248159797,"grid","2011"
"808","grid_2011","soilMaxDPS",2.734191305,"grid","2011"
"809","grid_2011","soilPolRed",46.09577121,"grid","2011"
"810","grid_2011","soilLinRed",0,"grid","2011"
"811","grid_2011","soilMaxInfSummer",90.25616153,"grid","2011"
"812","grid_2011","soilMaxInfWinter",34.80948843,"grid","2011"
"813","grid_2011","soilMaxInfSnow",7.614312881,"grid","2011"
"814","grid_2011","soilImpGT80",0.25,"grid","2011"
"815","grid_2011","soilImpLT80",0.6,"grid","2011"
"816","grid_2011","soilDistMPSLPS",0.002842573,"grid","2011"
"817","grid_2011","soilDiffMPSLPS",1.714445648,"grid","2011"
"818","grid_2011","soilOutLPS",0.09838914,"grid","2011"
"819","grid_2011","soilLatVertLPS",0.047327065,"grid","2011"
"820","grid_2011","soilMaxPerc",1,"grid","2011"
"821","grid_2011","geoMaxPerc",0.700116199,"grid","2011"
"822","grid_2011","kdiff_layer",45.60126916,"grid","2011"
"823","grid_2011","BetaW",9.011108394,"grid","2011"
"824","grid_2011","lagSurfaceRunoff",1.488423569,"grid","2011"
"825","grid_2011","lagInterflow",1.512641456,"grid","2011"
"826","grid_2011","initRG1",0.04,"grid","2011"
"827","grid_2011","initRG2",0.01,"grid","2011"
"828","grid_2011","gwRG1RG2dist",0.641112403,"grid","2011"
"829","grid_2011","gwRG1Fact",1.001836952,"grid","2011"
"830","grid_2011","gwRG2Fact",38.72881966,"grid","2011"
"831","grid_2011","gwCapRise",0.318742778,"grid","2011"
"832","grid_2011","N_delay_RG1",5,"grid","2011"
"833","grid_2011","N_delay_RG2",5,"grid","2011"
"834","grid_2011","N_concRG1",10,"grid","2011"
"835","grid_2011","N_concRG2",10,"grid","2011"
"836","grid_2011","flowRouteTA",1.97879394,"grid","2011"
"837","grid_2011","Ksink",0,"grid","2011"
"838","grid_2011","drspac",1000,"grid","2011"
"839","grid_2011","drrad",15,"grid","2011"
"840","grid_2011","clat",4.2,"grid","2011"
"841","grid_2011","LExCoef",-0.65,"grid","2011"
"842","grid_2011","rootfactor",1.2,"grid","2011"
"843","grid_2011","temp_lag",0.8,"grid","2011"
"844","grid_2011","sceno",0,"grid","2011"
"845","grid_2011","opti",0,"grid","2011"
"846","grid_2013","initMPS",0.1,"grid","2013"
"847","grid_2013","initLPS",0.05,"grid","2013"
"848","grid_2013","FCAdaptation",1,"grid","2013"
"849","grid_2013","ACAdaptation",1,"grid","2013"
"850","grid_2013","baseTemp",2.09689543,"grid","2013"
"851","grid_2013","t_factor",2.54116449,"grid","2013"
"852","grid_2013","r_factor",1.514870487,"grid","2013"
"853","grid_2013","g_factor",1.069884295,"grid","2013"
"854","grid_2013","snowCritDens",0.209368993,"grid","2013"
"855","grid_2013","ccf_factor",0.021407973,"grid","2013"
"856","grid_2013","snow_trans",0.537021334,"grid","2013"
"857","grid_2013","snow_trs",4.850760049,"grid","2013"
"858","grid_2013","piadin",0,"grid","2013"
"859","grid_2013","Beta_min",0.002,"grid","2013"
"860","grid_2013","Beta_trans",1e-05,"grid","2013"
"861","grid_2013","Beta_rsd",0.03,"grid","2013"
"862","grid_2013","deposition_factor",0.04,"grid","2013"
"863","grid_2013","delayNitrification",0.2,"grid","2013"
"864","grid_2013","denitrificationSoilSaturationThreshold",0.6,"grid","2013"
"865","grid_2013","denitrificationRateCoefficient",1.4,"grid","2013"
"866","grid_2013","nitrificationSurfaceTemperatureThreshold",5,"grid","2013"
"867","grid_2013","nitrificationSoilTemperatureThreshold",5,"grid","2013"
"868","grid_2013","longTZ",-105,"grid","2013"
"869","grid_2013","angstrom_a",0.25,"grid","2013"
"870","grid_2013","angstrom_b",0.5,"grid","2013"
"871","grid_2013","a_rain",1.847039848,"grid","2013"
"872","grid_2013","a_snow",0.554290159,"grid","2013"
"873","grid_2013","soilMaxDPS",2.873121149,"grid","2013"
"874","grid_2013","soilPolRed",12.02406108,"grid","2013"
"875","grid_2013","soilLinRed",0,"grid","2013"
"876","grid_2013","soilMaxInfSummer",97.64995598,"grid","2013"
"877","grid_2013","soilMaxInfWinter",70.75604718,"grid","2013"
"878","grid_2013","soilMaxInfSnow",90.35779502,"grid","2013"
"879","grid_2013","soilImpGT80",0.25,"grid","2013"
"880","grid_2013","soilImpLT80",0.6,"grid","2013"
"881","grid_2013","soilDistMPSLPS",2.518617576,"grid","2013"
"882","grid_2013","soilDiffMPSLPS",7.766079215,"grid","2013"
"883","grid_2013","soilOutLPS",9.714026065,"grid","2013"
"884","grid_2013","soilLatVertLPS",2.532230949,"grid","2013"
"885","grid_2013","soilMaxPerc",1,"grid","2013"
"886","grid_2013","geoMaxPerc",0.50860076,"grid","2013"
"887","grid_2013","kdiff_layer",1.138163278,"grid","2013"
"888","grid_2013","BetaW",0.193351585,"grid","2013"
"889","grid_2013","lagSurfaceRunoff",1.426537022,"grid","2013"
"890","grid_2013","lagInterflow",1.930155138,"grid","2013"
"891","grid_2013","initRG1",0.04,"grid","2013"
"892","grid_2013","initRG2",0.01,"grid","2013"
"893","grid_2013","gwRG1RG2dist",0.730500938,"grid","2013"
"894","grid_2013","gwRG1Fact",13.75342617,"grid","2013"
"895","grid_2013","gwRG2Fact",62.48544695,"grid","2013"
"896","grid_2013","gwCapRise",0.488197735,"grid","2013"
"897","grid_2013","N_delay_RG1",5,"grid","2013"
"898","grid_2013","N_delay_RG2",5,"grid","2013"
"899","grid_2013","N_concRG1",10,"grid","2013"
"900","grid_2013","N_concRG2",10,"grid","2013"
"901","grid_2013","flowRouteTA",0.10384249,"grid","2013"
"902","grid_2013","Ksink",0,"grid","2013"
"903","grid_2013","drspac",1000,"grid","2013"
"904","grid_2013","drrad",15,"grid","2013"
"905","grid_2013","clat",4.2,"grid","2013"
"906","grid_2013","LExCoef",-0.65,"grid","2013"
"907","grid_2013","rootfactor",1.2,"grid","2013"
"908","grid_2013","temp_lag",0.8,"grid","2013"
"909","grid_2013","sceno",0,"grid","2013"
"910","grid_2013","opti",0,"grid","2013"
"911","grid_2014","initMPS",0.1,"grid","2014"
"912","grid_2014","initLPS",0.05,"grid","2014"
"913","grid_2014","FCAdaptation",1,"grid","2014"
"914","grid_2014","ACAdaptation",1,"grid","2014"
"915","grid_2014","baseTemp",-1.936082236,"grid","2014"
"916","grid_2014","t_factor",0.978885093,"grid","2014"
"917","grid_2014","r_factor",1.818360455,"grid","2014"
"918","grid_2014","g_factor",4.06089863,"grid","2014"
"919","grid_2014","snowCritDens",0.245208369,"grid","2014"
"920","grid_2014","ccf_factor",0.020087578,"grid","2014"
"921","grid_2014","snow_trans",0.011111803,"grid","2014"
"922","grid_2014","snow_trs",4.664332143,"grid","2014"
"923","grid_2014","piadin",0,"grid","2014"
"924","grid_2014","Beta_min",0.002,"grid","2014"
"925","grid_2014","Beta_trans",1e-05,"grid","2014"
"926","grid_2014","Beta_rsd",0.03,"grid","2014"
"927","grid_2014","deposition_factor",0.04,"grid","2014"
"928","grid_2014","delayNitrification",0.2,"grid","2014"
"929","grid_2014","denitrificationSoilSaturationThreshold",0.6,"grid","2014"
"930","grid_2014","denitrificationRateCoefficient",1.4,"grid","2014"
"931","grid_2014","nitrificationSurfaceTemperatureThreshold",5,"grid","2014"
"932","grid_2014","nitrificationSoilTemperatureThreshold",5,"grid","2014"
"933","grid_2014","longTZ",-105,"grid","2014"
"934","grid_2014","angstrom_a",0.25,"grid","2014"
"935","grid_2014","angstrom_b",0.5,"grid","2014"
"936","grid_2014","a_rain",1.977820511,"grid","2014"
"937","grid_2014","a_snow",0.16946451,"grid","2014"
"938","grid_2014","soilMaxDPS",6.209849292,"grid","2014"
"939","grid_2014","soilPolRed",2.567190647,"grid","2014"
"940","grid_2014","soilLinRed",0,"grid","2014"
"941","grid_2014","soilMaxInfSummer",137.2431832,"grid","2014"
"942","grid_2014","soilMaxInfWinter",76.04253837,"grid","2014"
"943","grid_2014","soilMaxInfSnow",75.5372715,"grid","2014"
"944","grid_2014","soilImpGT80",0.25,"grid","2014"
"945","grid_2014","soilImpLT80",0.6,"grid","2014"
"946","grid_2014","soilDistMPSLPS",5.272931149,"grid","2014"
"947","grid_2014","soilDiffMPSLPS",5.905181275,"grid","2014"
"948","grid_2014","soilOutLPS",0.135038599,"grid","2014"
"949","grid_2014","soilLatVertLPS",0.462760224,"grid","2014"
"950","grid_2014","soilMaxPerc",1,"grid","2014"
"951","grid_2014","geoMaxPerc",0.863264478,"grid","2014"
"952","grid_2014","kdiff_layer",32.99849433,"grid","2014"
"953","grid_2014","BetaW",4.63379656,"grid","2014"
"954","grid_2014","lagSurfaceRunoff",1.464212728,"grid","2014"
"955","grid_2014","lagInterflow",1.967593595,"grid","2014"
"956","grid_2014","initRG1",0.04,"grid","2014"
"957","grid_2014","initRG2",0.01,"grid","2014"
"958","grid_2014","gwRG1RG2dist",0.500744922,"grid","2014"
"959","grid_2014","gwRG1Fact",1.003695972,"grid","2014"
"960","grid_2014","gwRG2Fact",66.09473238,"grid","2014"
"961","grid_2014","gwCapRise",0.499339367,"grid","2014"
"962","grid_2014","N_delay_RG1",5,"grid","2014"
"963","grid_2014","N_delay_RG2",5,"grid","2014"
"964","grid_2014","N_concRG1",10,"grid","2014"
"965","grid_2014","N_concRG2",10,"grid","2014"
"966","grid_2014","flowRouteTA",0.161404652,"grid","2014"
"967","grid_2014","Ksink",0,"grid","2014"
"968","grid_2014","drspac",1000,"grid","2014"
"969","grid_2014","drrad",15,"grid","2014"
"970","grid_2014","clat",4.2,"grid","2014"
"971","grid_2014","LExCoef",-0.65,"grid","2014"
"972","grid_2014","rootfactor",1.2,"grid","2014"
"973","grid_2014","temp_lag",0.8,"grid","2014"
"974","grid_2014","sceno",0,"grid","2014"
"975","grid_2014","opti",0,"grid","2014"
"976","grid_2015","initMPS",0.1,"grid","2015"
"977","grid_2015","initLPS",0.05,"grid","2015"
"978","grid_2015","FCAdaptation",1,"grid","2015"
"979","grid_2015","ACAdaptation",1,"grid","2015"
"980","grid_2015","baseTemp",1.867458754,"grid","2015"
"981","grid_2015","t_factor",3.573690531,"grid","2015"
"982","grid_2015","r_factor",3.9945248,"grid","2015"
"983","grid_2015","g_factor",2.013796608,"grid","2015"
"984","grid_2015","snowCritDens",0.474814282,"grid","2015"
"985","grid_2015","ccf_factor",0.029879382,"grid","2015"
"986","grid_2015","snow_trans",1.271022724,"grid","2015"
"987","grid_2015","snow_trs",1.25017263,"grid","2015"
"988","grid_2015","piadin",0,"grid","2015"
"989","grid_2015","Beta_min",0.002,"grid","2015"
"990","grid_2015","Beta_trans",1e-05,"grid","2015"
"991","grid_2015","Beta_rsd",0.03,"grid","2015"
"992","grid_2015","deposition_factor",0.04,"grid","2015"
"993","grid_2015","delayNitrification",0.2,"grid","2015"
"994","grid_2015","denitrificationSoilSaturationThreshold",0.6,"grid","2015"
"995","grid_2015","denitrificationRateCoefficient",1.4,"grid","2015"
"996","grid_2015","nitrificationSurfaceTemperatureThreshold",5,"grid","2015"
"997","grid_2015","nitrificationSoilTemperatureThreshold",5,"grid","2015"
"998","grid_2015","longTZ",-105,"grid","2015"
"999","grid_2015","angstrom_a",0.25,"grid","2015"
"1000","grid_2015","angstrom_b",0.5,"grid","2015"
"1001","grid_2015","a_rain",1.905800031,"grid","2015"
"1002","grid_2015","a_snow",6.335538218,"grid","2015"
"1003","grid_2015","soilMaxDPS",5.256412088,"grid","2015"
"1004","grid_2015","soilPolRed",9.315833183,"grid","2015"
"1005","grid_2015","soilLinRed",0,"grid","2015"
"1006","grid_2015","soilMaxInfSummer",58.6151474,"grid","2015"
"1007","grid_2015","soilMaxInfWinter",67.22551049,"grid","2015"
"1008","grid_2015","soilMaxInfSnow",57.28595663,"grid","2015"
"1009","grid_2015","soilImpGT80",0.25,"grid","2015"
"1010","grid_2015","soilImpLT80",0.6,"grid","2015"
"1011","grid_2015","soilDistMPSLPS",0.007217945,"grid","2015"
"1012","grid_2015","soilDiffMPSLPS",4.523178129,"grid","2015"
"1013","grid_2015","soilOutLPS",0.055586149,"grid","2015"
"1014","grid_2015","soilLatVertLPS",0.069400622,"grid","2015"
"1015","grid_2015","soilMaxPerc",1,"grid","2015"
"1016","grid_2015","geoMaxPerc",0.903699127,"grid","2015"
"1017","grid_2015","kdiff_layer",42.29410502,"grid","2015"
"1018","grid_2015","BetaW",4.201936616,"grid","2015"
"1019","grid_2015","lagSurfaceRunoff",1.000162365,"grid","2015"
"1020","grid_2015","lagInterflow",1.35592209,"grid","2015"
"1021","grid_2015","initRG1",0.04,"grid","2015"
"1022","grid_2015","initRG2",0.01,"grid","2015"
"1023","grid_2015","gwRG1RG2dist",0.318585793,"grid","2015"
"1024","grid_2015","gwRG1Fact",1.001170359,"grid","2015"
"1025","grid_2015","gwRG2Fact",69.54346557,"grid","2015"
"1026","grid_2015","gwCapRise",0.160176467,"grid","2015"
"1027","grid_2015","N_delay_RG1",5,"grid","2015"
"1028","grid_2015","N_delay_RG2",5,"grid","2015"
"1029","grid_2015","N_concRG1",10,"grid","2015"
"1030","grid_2015","N_concRG2",10,"grid","2015"
"1031","grid_2015","flowRouteTA",1.222743661,"grid","2015"
"1032","grid_2015","Ksink",0,"grid","2015"
"1033","grid_2015","drspac",1000,"grid","2015"
"1034","grid_2015","drrad",15,"grid","2015"
"1035","grid_2015","clat",4.2,"grid","2015"
"1036","grid_2015","LExCoef",-0.65,"grid","2015"
"1037","grid_2015","rootfactor",1.2,"grid","2015"
"1038","grid_2015","temp_lag",0.8,"grid","2015"
"1039","grid_2015","sceno",0,"grid","2015"
"1040","grid_2015","opti",0,"grid","2015"
"1041","grid_2016","initMPS",0.1,"grid","2016"
"1042","grid_2016","initLPS",0.05,"grid","2016"
"1043","grid_2016","FCAdaptation",1,"grid","2016"
"1044","grid_2016","ACAdaptation",1,"grid","2016"
"1045","grid_2016","baseTemp",1.98881065,"grid","2016"
"1046","grid_2016","t_factor",0.957733583,"grid","2016"
"1047","grid_2016","r_factor",3.678659886,"grid","2016"
"1048","grid_2016","g_factor",2.681067072,"grid","2016"
"1049","grid_2016","snowCritDens",0.374989446,"grid","2016"
"1050","grid_2016","ccf_factor",0.042981945,"grid","2016"
"1051","grid_2016","snow_trans",0.580450094,"grid","2016"
"1052","grid_2016","snow_trs",-0.992440474,"grid","2016"
"1053","grid_2016","piadin",0,"grid","2016"
"1054","grid_2016","Beta_min",0.002,"grid","2016"
"1055","grid_2016","Beta_trans",1e-05,"grid","2016"
"1056","grid_2016","Beta_rsd",0.03,"grid","2016"
"1057","grid_2016","deposition_factor",0.04,"grid","2016"
"1058","grid_2016","delayNitrification",0.2,"grid","2016"
"1059","grid_2016","denitrificationSoilSaturationThreshold",0.6,"grid","2016"
"1060","grid_2016","denitrificationRateCoefficient",1.4,"grid","2016"
"1061","grid_2016","nitrificationSurfaceTemperatureThreshold",5,"grid","2016"
"1062","grid_2016","nitrificationSoilTemperatureThreshold",5,"grid","2016"
"1063","grid_2016","longTZ",-105,"grid","2016"
"1064","grid_2016","angstrom_a",0.25,"grid","2016"
"1065","grid_2016","angstrom_b",0.5,"grid","2016"
"1066","grid_2016","a_rain",1.623917243,"grid","2016"
"1067","grid_2016","a_snow",1.643285847,"grid","2016"
"1068","grid_2016","soilMaxDPS",2.181466082,"grid","2016"
"1069","grid_2016","soilPolRed",37.42552434,"grid","2016"
"1070","grid_2016","soilLinRed",0,"grid","2016"
"1071","grid_2016","soilMaxInfSummer",83.99494898,"grid","2016"
"1072","grid_2016","soilMaxInfWinter",62.93682831,"grid","2016"
"1073","grid_2016","soilMaxInfSnow",72.73885798,"grid","2016"
"1074","grid_2016","soilImpGT80",0.25,"grid","2016"
"1075","grid_2016","soilImpLT80",0.6,"grid","2016"
"1076","grid_2016","soilDistMPSLPS",0.077006686,"grid","2016"
"1077","grid_2016","soilDiffMPSLPS",6.722597018,"grid","2016"
"1078","grid_2016","soilOutLPS",0.097966384,"grid","2016"
"1079","grid_2016","soilLatVertLPS",0.433163293,"grid","2016"
"1080","grid_2016","soilMaxPerc",1,"grid","2016"
"1081","grid_2016","geoMaxPerc",0.8216992,"grid","2016"
"1082","grid_2016","kdiff_layer",43.2875677,"grid","2016"
"1083","grid_2016","BetaW",12.97609645,"grid","2016"
"1084","grid_2016","lagSurfaceRunoff",1.368954144,"grid","2016"
"1085","grid_2016","lagInterflow",1.951778752,"grid","2016"
"1086","grid_2016","initRG1",0.04,"grid","2016"
"1087","grid_2016","initRG2",0.01,"grid","2016"
"1088","grid_2016","gwRG1RG2dist",0.507751023,"grid","2016"
"1089","grid_2016","gwRG1Fact",1.010577134,"grid","2016"
"1090","grid_2016","gwRG2Fact",24.38540272,"grid","2016"
"1091","grid_2016","gwCapRise",0.47290205,"grid","2016"
"1092","grid_2016","N_delay_RG1",5,"grid","2016"
"1093","grid_2016","N_delay_RG2",5,"grid","2016"
"1094","grid_2016","N_concRG1",10,"grid","2016"
"1095","grid_2016","N_concRG2",10,"grid","2016"
"1096","grid_2016","flowRouteTA",0.107324992,"grid","2016"
"1097","grid_2016","Ksink",0,"grid","2016"
"1098","grid_2016","drspac",1000,"grid","2016"
"1099","grid_2016","drrad",15,"grid","2016"
"1100","grid_2016","clat",4.2,"grid","2016"
"1101","grid_2016","LExCoef",-0.65,"grid","2016"
"1102","grid_2016","rootfactor",1.2,"grid","2016"
"1103","grid_2016","temp_lag",0.8,"grid","2016"
"1104","grid_2016","sceno",0,"grid","2016"
"1105","grid_2016","opti",0,"grid","2016"
"1106","grid_2017","initMPS",0.1,"grid","2017"
"1107","grid_2017","initLPS",0.05,"grid","2017"
"1108","grid_2017","FCAdaptation",1,"grid","2017"
"1109","grid_2017","ACAdaptation",1,"grid","2017"
"1110","grid_2017","baseTemp",2.369166274,"grid","2017"
"1111","grid_2017","t_factor",2.576471195,"grid","2017"
"1112","grid_2017","r_factor",3.260376005,"grid","2017"
"1113","grid_2017","g_factor",1.839574691,"grid","2017"
"1114","grid_2017","snowCritDens",0.454310298,"grid","2017"
"1115","grid_2017","ccf_factor",0.052253605,"grid","2017"
"1116","grid_2017","snow_trans",0.887378032,"grid","2017"
"1117","grid_2017","snow_trs",-0.195155717,"grid","2017"
"1118","grid_2017","piadin",0,"grid","2017"
"1119","grid_2017","Beta_min",0.002,"grid","2017"
"1120","grid_2017","Beta_trans",1e-05,"grid","2017"
"1121","grid_2017","Beta_rsd",0.03,"grid","2017"
"1122","grid_2017","deposition_factor",0.04,"grid","2017"
"1123","grid_2017","delayNitrification",0.2,"grid","2017"
"1124","grid_2017","denitrificationSoilSaturationThreshold",0.6,"grid","2017"
"1125","grid_2017","denitrificationRateCoefficient",1.4,"grid","2017"
"1126","grid_2017","nitrificationSurfaceTemperatureThreshold",5,"grid","2017"
"1127","grid_2017","nitrificationSoilTemperatureThreshold",5,"grid","2017"
"1128","grid_2017","longTZ",-105,"grid","2017"
"1129","grid_2017","angstrom_a",0.25,"grid","2017"
"1130","grid_2017","angstrom_b",0.5,"grid","2017"
"1131","grid_2017","a_rain",0.243167818,"grid","2017"
"1132","grid_2017","a_snow",2.886454467,"grid","2017"
"1133","grid_2017","soilMaxDPS",9.128159461,"grid","2017"
"1134","grid_2017","soilPolRed",3.970634346,"grid","2017"
"1135","grid_2017","soilLinRed",0,"grid","2017"
"1136","grid_2017","soilMaxInfSummer",81.52669913,"grid","2017"
"1137","grid_2017","soilMaxInfWinter",95.14332986,"grid","2017"
"1138","grid_2017","soilMaxInfSnow",39.75988903,"grid","2017"
"1139","grid_2017","soilImpGT80",0.25,"grid","2017"
"1140","grid_2017","soilImpLT80",0.6,"grid","2017"
"1141","grid_2017","soilDistMPSLPS",4.54446977,"grid","2017"
"1142","grid_2017","soilDiffMPSLPS",1.769864511,"grid","2017"
"1143","grid_2017","soilOutLPS",0.526234706,"grid","2017"
"1144","grid_2017","soilLatVertLPS",0.362449283,"grid","2017"
"1145","grid_2017","soilMaxPerc",1,"grid","2017"
"1146","grid_2017","geoMaxPerc",0.901436722,"grid","2017"
"1147","grid_2017","kdiff_layer",43.543935,"grid","2017"
"1148","grid_2017","BetaW",9.307515558,"grid","2017"
"1149","grid_2017","lagSurfaceRunoff",1.031819453,"grid","2017"
"1150","grid_2017","lagInterflow",1.982995893,"grid","2017"
"1151","grid_2017","initRG1",0.04,"grid","2017"
"1152","grid_2017","initRG2",0.01,"grid","2017"
"1153","grid_2017","gwRG1RG2dist",0.264185208,"grid","2017"
"1154","grid_2017","gwRG1Fact",1.000572537,"grid","2017"
"1155","grid_2017","gwRG2Fact",22.89273801,"grid","2017"
"1156","grid_2017","gwCapRise",0.540638183,"grid","2017"
"1157","grid_2017","N_delay_RG1",5,"grid","2017"
"1158","grid_2017","N_delay_RG2",5,"grid","2017"
"1159","grid_2017","N_concRG1",10,"grid","2017"
"1160","grid_2017","N_concRG2",10,"grid","2017"
"1161","grid_2017","flowRouteTA",0.273319769,"grid","2017"
"1162","grid_2017","Ksink",0,"grid","2017"
"1163","grid_2017","drspac",1000,"grid","2017"
"1164","grid_2017","drrad",15,"grid","2017"
"1165","grid_2017","clat",4.2,"grid","2017"
"1166","grid_2017","LExCoef",-0.65,"grid","2017"
"1167","grid_2017","rootfactor",1.2,"grid","2017"
"1168","grid_2017","temp_lag",0.8,"grid","2017"
"1169","grid_2017","sceno",0,"grid","2017"
"1170","grid_2017","opti",0,"grid","2017"
"1171","grid_2018","initMPS",0.1,"grid","2018"
"1172","grid_2018","initLPS",0.05,"grid","2018"
"1173","grid_2018","FCAdaptation",1,"grid","2018"
"1174","grid_2018","ACAdaptation",1,"grid","2018"
"1175","grid_2018","baseTemp",1.625831189,"grid","2018"
"1176","grid_2018","t_factor",1.775236609,"grid","2018"
"1177","grid_2018","r_factor",3.111770617,"grid","2018"
"1178","grid_2018","g_factor",1.928989364,"grid","2018"
"1179","grid_2018","snowCritDens",0.57259924,"grid","2018"
"1180","grid_2018","ccf_factor",0.043292102,"grid","2018"
"1181","grid_2018","snow_trans",0.932816523,"grid","2018"
"1182","grid_2018","snow_trs",-0.231631049,"grid","2018"
"1183","grid_2018","piadin",0,"grid","2018"
"1184","grid_2018","Beta_min",0.002,"grid","2018"
"1185","grid_2018","Beta_trans",1e-05,"grid","2018"
"1186","grid_2018","Beta_rsd",0.03,"grid","2018"
"1187","grid_2018","deposition_factor",0.04,"grid","2018"
"1188","grid_2018","delayNitrification",0.2,"grid","2018"
"1189","grid_2018","denitrificationSoilSaturationThreshold",0.6,"grid","2018"
"1190","grid_2018","denitrificationRateCoefficient",1.4,"grid","2018"
"1191","grid_2018","nitrificationSurfaceTemperatureThreshold",5,"grid","2018"
"1192","grid_2018","nitrificationSoilTemperatureThreshold",5,"grid","2018"
"1193","grid_2018","longTZ",-105,"grid","2018"
"1194","grid_2018","angstrom_a",0.25,"grid","2018"
"1195","grid_2018","angstrom_b",0.5,"grid","2018"
"1196","grid_2018","a_rain",1.034924022,"grid","2018"
"1197","grid_2018","a_snow",1.633008341,"grid","2018"
"1198","grid_2018","soilMaxDPS",7.643956863,"grid","2018"
"1199","grid_2018","soilPolRed",2.715915797,"grid","2018"
"1200","grid_2018","soilLinRed",0,"grid","2018"
"1201","grid_2018","soilMaxInfSummer",45.24016425,"grid","2018"
"1202","grid_2018","soilMaxInfWinter",75.37805151,"grid","2018"
"1203","grid_2018","soilMaxInfSnow",49.71148226,"grid","2018"
"1204","grid_2018","soilImpGT80",0.25,"grid","2018"
"1205","grid_2018","soilImpLT80",0.6,"grid","2018"
"1206","grid_2018","soilDistMPSLPS",1.890447251,"grid","2018"
"1207","grid_2018","soilDiffMPSLPS",2.331143023,"grid","2018"
"1208","grid_2018","soilOutLPS",0.410748047,"grid","2018"
"1209","grid_2018","soilLatVertLPS",0.389075159,"grid","2018"
"1210","grid_2018","soilMaxPerc",1,"grid","2018"
"1211","grid_2018","geoMaxPerc",0.778782948,"grid","2018"
"1212","grid_2018","kdiff_layer",44.07637243,"grid","2018"
"1213","grid_2018","BetaW",7.36716175,"grid","2018"
"1214","grid_2018","lagSurfaceRunoff",1.228490336,"grid","2018"
"1215","grid_2018","lagInterflow",1.953060006,"grid","2018"
"1216","grid_2018","initRG1",0.04,"grid","2018"
"1217","grid_2018","initRG2",0.01,"grid","2018"
"1218","grid_2018","gwRG1RG2dist",0.716995724,"grid","2018"
"1219","grid_2018","gwRG1Fact",1.005715622,"grid","2018"
"1220","grid_2018","gwRG2Fact",75.76111814,"grid","2018"
"1221","grid_2018","gwCapRise",0.558431111,"grid","2018"
"1222","grid_2018","N_delay_RG1",5,"grid","2018"
"1223","grid_2018","N_delay_RG2",5,"grid","2018"
"1224","grid_2018","N_concRG1",10,"grid","2018"
"1225","grid_2018","N_concRG2",10,"grid","2018"
"1226","grid_2018","flowRouteTA",0.170190996,"grid","2018"
"1227","grid_2018","Ksink",0,"grid","2018"
"1228","grid_2018","drspac",1000,"grid","2018"
"1229","grid_2018","drrad",15,"grid","2018"
"1230","grid_2018","clat",4.2,"grid","2018"
"1231","grid_2018","LExCoef",-0.65,"grid","2018"
"1232","grid_2018","rootfactor",1.2,"grid","2018"
"1233","grid_2018","temp_lag",0.8,"grid","2018"
"1234","grid_2018","sceno",0,"grid","2018"
"1235","grid_2018","opti",0,"grid","2018"
"1236","grid_2019","initMPS",0.1,"grid","2019"
"1237","grid_2019","initLPS",0.05,"grid","2019"
"1238","grid_2019","FCAdaptation",1,"grid","2019"
"1239","grid_2019","ACAdaptation",1,"grid","2019"
"1240","grid_2019","baseTemp",2.73817074,"grid","2019"
"1241","grid_2019","t_factor",1.782047422,"grid","2019"
"1242","grid_2019","r_factor",3.595641063,"grid","2019"
"1243","grid_2019","g_factor",3.047519163,"grid","2019"
"1244","grid_2019","snowCritDens",0.490977516,"grid","2019"
"1245","grid_2019","ccf_factor",0.045655477,"grid","2019"
"1246","grid_2019","snow_trans",0.58987048,"grid","2019"
"1247","grid_2019","snow_trs",-1.080477165,"grid","2019"
"1248","grid_2019","piadin",0,"grid","2019"
"1249","grid_2019","Beta_min",0.002,"grid","2019"
"1250","grid_2019","Beta_trans",1e-05,"grid","2019"
"1251","grid_2019","Beta_rsd",0.03,"grid","2019"
"1252","grid_2019","deposition_factor",0.04,"grid","2019"
"1253","grid_2019","delayNitrification",0.2,"grid","2019"
"1254","grid_2019","denitrificationSoilSaturationThreshold",0.6,"grid","2019"
"1255","grid_2019","denitrificationRateCoefficient",1.4,"grid","2019"
"1256","grid_2019","nitrificationSurfaceTemperatureThreshold",5,"grid","2019"
"1257","grid_2019","nitrificationSoilTemperatureThreshold",5,"grid","2019"
"1258","grid_2019","longTZ",-105,"grid","2019"
"1259","grid_2019","angstrom_a",0.25,"grid","2019"
"1260","grid_2019","angstrom_b",0.5,"grid","2019"
"1261","grid_2019","a_rain",1.274736744,"grid","2019"
"1262","grid_2019","a_snow",1.408693887,"grid","2019"
"1263","grid_2019","soilMaxDPS",8.356607718,"grid","2019"
"1264","grid_2019","soilPolRed",3.371152958,"grid","2019"
"1265","grid_2019","soilLinRed",0,"grid","2019"
"1266","grid_2019","soilMaxInfSummer",73.65537955,"grid","2019"
"1267","grid_2019","soilMaxInfWinter",92.81878221,"grid","2019"
"1268","grid_2019","soilMaxInfSnow",96.32669151,"grid","2019"
"1269","grid_2019","soilImpGT80",0.25,"grid","2019"
"1270","grid_2019","soilImpLT80",0.6,"grid","2019"
"1271","grid_2019","soilDistMPSLPS",2.769721726,"grid","2019"
"1272","grid_2019","soilDiffMPSLPS",2.44315682,"grid","2019"
"1273","grid_2019","soilOutLPS",0.358199914,"grid","2019"
"1274","grid_2019","soilLatVertLPS",0.522033603,"grid","2019"
"1275","grid_2019","soilMaxPerc",1,"grid","2019"
"1276","grid_2019","geoMaxPerc",0.728247679,"grid","2019"
"1277","grid_2019","kdiff_layer",26.10419648,"grid","2019"
"1278","grid_2019","BetaW",8.42221583,"grid","2019"
"1279","grid_2019","lagSurfaceRunoff",1.444766053,"grid","2019"
"1280","grid_2019","lagInterflow",1.893224654,"grid","2019"
"1281","grid_2019","initRG1",0.04,"grid","2019"
"1282","grid_2019","initRG2",0.01,"grid","2019"
"1283","grid_2019","gwRG1RG2dist",0.613542104,"grid","2019"
"1284","grid_2019","gwRG1Fact",1.005135842,"grid","2019"
"1285","grid_2019","gwRG2Fact",58.87648955,"grid","2019"
"1286","grid_2019","gwCapRise",0.505044733,"grid","2019"
"1287","grid_2019","N_delay_RG1",5,"grid","2019"
"1288","grid_2019","N_delay_RG2",5,"grid","2019"
"1289","grid_2019","N_concRG1",10,"grid","2019"
"1290","grid_2019","N_concRG2",10,"grid","2019"
"1291","grid_2019","flowRouteTA",0.105468475,"grid","2019"
"1292","grid_2019","Ksink",0,"grid","2019"
"1293","grid_2019","drspac",1000,"grid","2019"
"1294","grid_2019","drrad",15,"grid","2019"
"1295","grid_2019","clat",4.2,"grid","2019"
"1296","grid_2019","LExCoef",-0.65,"grid","2019"
"1297","grid_2019","rootfactor",1.2,"grid","2019"
"1298","grid_2019","temp_lag",0.8,"grid","2019"
"1299","grid_2019","sceno",0,"grid","2019"
"1300","grid_2019","opti",0,"grid","2019"
"1301","grid_2020","initMPS",0.1,"grid","2020"
"1302","grid_2020","initLPS",0.05,"grid","2020"
"1303","grid_2020","FCAdaptation",1,"grid","2020"
"1304","grid_2020","ACAdaptation",1,"grid","2020"
"1305","grid_2020","baseTemp",0.61791112,"grid","2020"
"1306","grid_2020","t_factor",0.618906368,"grid","2020"
"1307","grid_2020","r_factor",0.579613212,"grid","2020"
"1308","grid_2020","g_factor",2.809240528,"grid","2020"
"1309","grid_2020","snowCritDens",0.663102662,"grid","2020"
"1310","grid_2020","ccf_factor",0.003038985,"grid","2020"
"1311","grid_2020","snow_trans",0.756628263,"grid","2020"
"1312","grid_2020","snow_trs",4.12722823,"grid","2020"
"1313","grid_2020","piadin",0,"grid","2020"
"1314","grid_2020","Beta_min",0.002,"grid","2020"
"1315","grid_2020","Beta_trans",1e-05,"grid","2020"
"1316","grid_2020","Beta_rsd",0.03,"grid","2020"
"1317","grid_2020","deposition_factor",0.04,"grid","2020"
"1318","grid_2020","delayNitrification",0.2,"grid","2020"
"1319","grid_2020","denitrificationSoilSaturationThreshold",0.6,"grid","2020"
"1320","grid_2020","denitrificationRateCoefficient",1.4,"grid","2020"
"1321","grid_2020","nitrificationSurfaceTemperatureThreshold",5,"grid","2020"
"1322","grid_2020","nitrificationSoilTemperatureThreshold",5,"grid","2020"
"1323","grid_2020","longTZ",-105,"grid","2020"
"1324","grid_2020","angstrom_a",0.25,"grid","2020"
"1325","grid_2020","angstrom_b",0.5,"grid","2020"
"1326","grid_2020","a_rain",1.961885937,"grid","2020"
"1327","grid_2020","a_snow",1.375529952,"grid","2020"
"1328","grid_2020","soilMaxDPS",5.939932931,"grid","2020"
"1329","grid_2020","soilPolRed",41.59647795,"grid","2020"
"1330","grid_2020","soilLinRed",0,"grid","2020"
"1331","grid_2020","soilMaxInfSummer",140.3496994,"grid","2020"
"1332","grid_2020","soilMaxInfWinter",23.343641,"grid","2020"
"1333","grid_2020","soilMaxInfSnow",10.02203592,"grid","2020"
"1334","grid_2020","soilImpGT80",0.25,"grid","2020"
"1335","grid_2020","soilImpLT80",0.6,"grid","2020"
"1336","grid_2020","soilDistMPSLPS",0.004885723,"grid","2020"
"1337","grid_2020","soilDiffMPSLPS",8.583292014,"grid","2020"
"1338","grid_2020","soilOutLPS",0.060558113,"grid","2020"
"1339","grid_2020","soilLatVertLPS",0.129073678,"grid","2020"
"1340","grid_2020","soilMaxPerc",1,"grid","2020"
"1341","grid_2020","geoMaxPerc",0.683400171,"grid","2020"
"1342","grid_2020","kdiff_layer",38.24463186,"grid","2020"
"1343","grid_2020","BetaW",10.13684117,"grid","2020"
"1344","grid_2020","lagSurfaceRunoff",1.047478564,"grid","2020"
"1345","grid_2020","lagInterflow",1.806787956,"grid","2020"
"1346","grid_2020","initRG1",0.04,"grid","2020"
"1347","grid_2020","initRG2",0.01,"grid","2020"
"1348","grid_2020","gwRG1RG2dist",0.222852877,"grid","2020"
"1349","grid_2020","gwRG1Fact",1.009498031,"grid","2020"
"1350","grid_2020","gwRG2Fact",34.35571635,"grid","2020"
"1351","grid_2020","gwCapRise",0.539683144,"grid","2020"
"1352","grid_2020","N_delay_RG1",5,"grid","2020"
"1353","grid_2020","N_delay_RG2",5,"grid","2020"
"1354","grid_2020","N_concRG1",10,"grid","2020"
"1355","grid_2020","N_concRG2",10,"grid","2020"
"1356","grid_2020","flowRouteTA",0.525210528,"grid","2020"
"1357","grid_2020","Ksink",0,"grid","2020"
"1358","grid_2020","drspac",1000,"grid","2020"
"1359","grid_2020","drrad",15,"grid","2020"
"1360","grid_2020","clat",4.2,"grid","2020"
"1361","grid_2020","LExCoef",-0.65,"grid","2020"
"1362","grid_2020","rootfactor",1.2,"grid","2020"
"1363","grid_2020","temp_lag",0.8,"grid","2020"
"1364","grid_2020","sceno",0,"grid","2020"
"1365","grid_2020","opti",0,"grid","2020"
"1366","grid_2012","initMPS",0.1,"grid","2012"
"1367","grid_2012","initLPS",0.05,"grid","2012"
"1368","grid_2012","FCAdaptation",1,"grid","2012"
"1369","grid_2012","ACAdaptation",1,"grid","2012"
"1370","grid_2012","baseTemp",2.352031078,"grid","2012"
"1371","grid_2012","t_factor",1.229685533,"grid","2012"
"1372","grid_2012","r_factor",3.654537446,"grid","2012"
"1373","grid_2012","g_factor",1.834724314,"grid","2012"
"1374","grid_2012","snowCritDens",0.469508801,"grid","2012"
"1375","grid_2012","ccf_factor",0.071395518,"grid","2012"
"1376","grid_2012","snow_trans",1.281720012,"grid","2012"
"1377","grid_2012","snow_trs",-1.73539527,"grid","2012"
"1378","grid_2012","piadin",0,"grid","2012"
"1379","grid_2012","Beta_min",0.002,"grid","2012"
"1380","grid_2012","Beta_trans",1e-05,"grid","2012"
"1381","grid_2012","Beta_rsd",0.03,"grid","2012"
"1382","grid_2012","deposition_factor",0.04,"grid","2012"
"1383","grid_2012","delayNitrification",0.2,"grid","2012"
"1384","grid_2012","denitrificationSoilSaturationThreshold",0.6,"grid","2012"
"1385","grid_2012","denitrificationRateCoefficient",1.4,"grid","2012"
"1386","grid_2012","nitrificationSurfaceTemperatureThreshold",5,"grid","2012"
"1387","grid_2012","nitrificationSoilTemperatureThreshold",5,"grid","2012"
"1388","grid_2012","longTZ",-105,"grid","2012"
"1389","grid_2012","angstrom_a",0.25,"grid","2012"
"1390","grid_2012","angstrom_b",0.5,"grid","2012"
"1391","grid_2012","a_rain",0.246427463,"grid","2012"
"1392","grid_2012","a_snow",1.522033442,"grid","2012"
"1393","grid_2012","soilMaxDPS",6.247326575,"grid","2012"
"1394","grid_2012","soilPolRed",3.198420514,"grid","2012"
"1395","grid_2012","soilLinRed",0,"grid","2012"
"1396","grid_2012","soilMaxInfSummer",33.57833458,"grid","2012"
"1397","grid_2012","soilMaxInfWinter",65.17936673,"grid","2012"
"1398","grid_2012","soilMaxInfSnow",28.56016853,"grid","2012"
"1399","grid_2012","soilImpGT80",0.25,"grid","2012"
"1400","grid_2012","soilImpLT80",0.6,"grid","2012"
"1401","grid_2012","soilDistMPSLPS",6.895666184,"grid","2012"
"1402","grid_2012","soilDiffMPSLPS",4.332884296,"grid","2012"
"1403","grid_2012","soilOutLPS",0.659781315,"grid","2012"
"1404","grid_2012","soilLatVertLPS",0.459112517,"grid","2012"
"1405","grid_2012","soilMaxPerc",1,"grid","2012"
"1406","grid_2012","geoMaxPerc",0.659722359,"grid","2012"
"1407","grid_2012","kdiff_layer",22.92482127,"grid","2012"
"1408","grid_2012","BetaW",6.686897692,"grid","2012"
"1409","grid_2012","lagSurfaceRunoff",1.426750707,"grid","2012"
"1410","grid_2012","lagInterflow",1.921295129,"grid","2012"
"1411","grid_2012","initRG1",0.04,"grid","2012"
"1412","grid_2012","initRG2",0.01,"grid","2012"
"1413","grid_2012","gwRG1RG2dist",0.143247873,"grid","2012"
"1414","grid_2012","gwRG1Fact",1.005317299,"grid","2012"
"1415","grid_2012","gwRG2Fact",23.08186961,"grid","2012"
"1416","grid_2012","gwCapRise",0.431562585,"grid","2012"
"1417","grid_2012","N_delay_RG1",5,"grid","2012"
"1418","grid_2012","N_delay_RG2",5,"grid","2012"
"1419","grid_2012","N_concRG1",10,"grid","2012"
"1420","grid_2012","N_concRG2",10,"grid","2012"
"1421","grid_2012","flowRouteTA",0.103316907,"grid","2012"
"1422","grid_2012","Ksink",0,"grid","2012"
"1423","grid_2012","drspac",1000,"grid","2012"
"1424","grid_2012","drrad",15,"grid","2012"
"1425","grid_2012","clat",4.2,"grid","2012"
"1426","grid_2012","LExCoef",-0.65,"grid","2012"
"1427","grid_2012","rootfactor",1.2,"grid","2012"
"1428","grid_2012","temp_lag",0.8,"grid","2012"
"1429","grid_2012","sceno",0,"grid","2012"
"1430","grid_2012","opti",0,"grid","2012"
